1:25:40.705917,N,103:44:57.637939,E,37.681030, 121429.0,141217,0.000000,0,-10
1:25:40.705917,N,103:44:57.912598,E,30.458679, 121430.0,141217,0.000000,4,210045434
1:25:40.705917,N,103:44:57.912598,E,30.808899, 121431.0,141217,0.000000,0,210045434
1:25:40.705917,N,103:44:57.912598,E,34.243469, 121432.0,141217,0.000000,0,210045434
1:25:40.705917,N,103:44:57.912598,E,33.380310, 121433.0,141217,0.000000,0,210045434
1:25:40.805054,N,103:44:58.132324,E,36.985901, 121434.0,141217,0.000000,3,-10
1:25:40.805054,N,103:44:58.132324,E,37.032654, 121435.0,141217,0.000000,0,210045434
1:25:40.779732,N,103:44:58.187256,E,38.433838, 121436.0,141217,0.000000,0,-10
1:25:40.779732,N,103:44:58.187256,E,38.107849, 121437.0,141217,0.000000,0,210045434
1:25:40.779732,N,103:44:58.187256,E,41.706421, 121438.0,141217,0.000000,0,210045434
1:25:40.779732,N,103:44:58.187256,E,45.439087, 121439.0,141217,0.000000,0,210045434
1:25:40.779732,N,103:44:58.187256,E,44.330322, 121440.0,141217,0.000000,0,210045434
1:25:40.779732,N,103:44:58.187256,E,44.025696, 121441.0,141217,0.000000,0,210045434
1:25:40.779732,N,103:44:58.187256,E,43.553101, 121442.0,141217,0.000000,0,210045434
1:25:40.779732,N,103:44:58.187256,E,43.203430, 121443.0,141217,0.000000,0,210045434
1:25:40.779732,N,103:44:58.187256,E,43.013672, 121444.0,141217,0.000000,0,210045434
1:25:40.779732,N,103:44:58.187256,E,44.443970, 121445.0,141217,0.000000,0,210045434
1:25:40.779732,N,103:44:58.187256,E,44.755737, 121446.0,141217,0.000000,0,210045434
1:25:40.779732,N,103:44:58.187256,E,45.224243, 121447.0,141217,0.000000,0,210045434
1:25:40.779732,N,103:44:58.187256,E,45.437256, 121448.0,141217,0.000000,0,210045434
1:25:40.779732,N,103:44:58.187256,E,45.638977, 121449.0,141217,0.000000,0,210045434
1:25:40.779732,N,103:44:58.187256,E,45.787598, 121450.0,141217,0.000000,0,210045434
1:25:40.822647,N,103:44:58.187256,E,45.419495, 121451.0,141217,0.000000,0,210045434
1:25:40.822647,N,103:44:58.187256,E,45.991638, 121452.0,141217,0.000000,0,210045434
1:25:40.878010,N,103:44:58.187256,E,41.558594, 121453.0,141217,0.000000,0,210045434
1:25:40.878010,N,103:44:58.187256,E,40.495789, 121454.0,141217,0.000000,0,210045434
1:25:40.878010,N,103:44:58.187256,E,40.641602, 121455.0,141217,0.000000,0,210045434
1:25:40.878010,N,103:44:58.187256,E,40.488647, 121456.0,141217,0.000000,0,210045434
1:25:40.878010,N,103:44:58.187256,E,40.782776, 121457.0,141217,0.000000,0,210045434
1:25:40.878010,N,103:44:58.187256,E,41.773010, 121458.0,141217,0.000000,0,210045434
1:25:40.878010,N,103:44:58.187256,E,41.447998, 121459.0,141217,0.000000,0,210045434
1:25:40.878010,N,103:44:58.187256,E,41.102966, 121500.0,141217,0.000000,0,210045434
1:25:40.878010,N,103:44:58.187256,E,40.840088, 121501.0,141217,0.000000,0,210045434
1:25:40.878010,N,103:44:58.187256,E,41.294556, 121502.0,141217,0.000000,0,210045434
1:25:40.878010,N,103:44:58.187256,E,40.818054, 121503.0,141217,0.000000,0,210045434
1:25:40.878010,N,103:44:58.187256,E,41.066467, 121504.0,141217,0.000000,0,210045434
1:25:40.878010,N,103:44:58.187256,E,41.835815, 121505.0,141217,0.000000,0,210045434
1:25:40.878010,N,103:44:58.187256,E,42.392944, 121506.0,141217,0.000000,0,210045434
1:25:40.878010,N,103:44:58.187256,E,42.584900, 121507.0,141217,0.000000,0,210045434
1:25:40.878010,N,103:44:58.187256,E,43.396423, 121508.0,141217,0.000000,0,210045434
1:25:40.878010,N,103:44:58.187256,E,43.460144, 121509.0,141217,0.000000,0,210045434
1:25:40.878010,N,103:44:58.187256,E,43.475952, 121510.0,141217,0.000000,0,210045434
1:25:40.878010,N,103:44:58.187256,E,43.903137, 121511.0,141217,0.000000,0,210045434
1:25:40.878010,N,103:44:58.187256,E,44.342346, 121512.0,141217,0.000000,0,210045434
1:25:40.878010,N,103:44:58.187256,E,44.409790, 121512.0,141217,0.000000,0,210045434
1:25:40.878010,N,103:44:58.187256,E,44.361023, 121513.0,141217,0.000000,0,210045434
1:25:40.878010,N,103:44:58.187256,E,44.463989, 121514.0,141217,0.000000,0,210045434
1:25:40.878010,N,103:44:58.187256,E,44.415405, 121515.0,141217,0.000000,0,210045434
1:25:40.878010,N,103:44:58.187256,E,44.103149, 121516.0,141217,0.000000,0,210045434
1:25:40.809345,N,103:44:58.214722,E,45.050964, 121517.0,141217,0.000000,0,-10
1:25:40.809345,N,103:44:58.214722,E,44.624878, 121518.0,141217,0.000000,0,210045434
1:25:40.809345,N,103:44:58.214722,E,45.113770, 121519.0,141217,0.000000,0,210045434
1:25:40.809345,N,103:44:58.214722,E,44.812317, 121520.0,141217,0.000000,0,210045434
1:25:40.809345,N,103:44:58.214722,E,44.618591, 121521.0,141217,0.000000,0,210045434
1:25:40.809345,N,103:44:58.214722,E,44.633545, 121522.0,141217,0.000000,0,210045434
1:25:40.809345,N,103:44:58.214722,E,43.396545, 121523.0,141217,0.000000,0,210045434
1:25:40.809345,N,103:44:58.214722,E,43.279968, 121524.0,141217,0.000000,0,210045434
1:25:40.809345,N,103:44:58.214722,E,42.547485, 121525.0,141217,0.000000,0,210045434
1:25:40.809345,N,103:44:58.214722,E,41.928772, 121526.0,141217,0.000000,0,210045434
1:25:40.809345,N,103:44:58.214722,E,40.552551, 121527.0,141217,0.000000,0,210045434
1:25:40.809345,N,103:44:58.214722,E,39.449829, 121528.0,141217,0.000000,0,210045434
1:25:40.809345,N,103:44:58.214722,E,38.513672, 121529.0,141217,0.000000,0,210045434
1:25:40.809345,N,103:44:58.214722,E,37.903992, 121530.0,141217,0.000000,0,210045434
1:25:40.809345,N,103:44:58.214722,E,37.911743, 121531.0,141217,0.000000,0,210045434
1:25:40.982292,N,103:44:58.242188,E,37.122803, 121532.0,141217,0.000000,0,-10
1:25:40.982292,N,103:44:58.242188,E,36.933105, 121533.0,141217,0.000000,0,210045434
1:25:40.982292,N,103:44:58.242188,E,36.165710, 121534.0,141217,0.000000,0,210045434
1:25:40.982292,N,103:44:58.242188,E,37.405396, 121535.0,141217,0.000000,0,210045434
1:25:40.982292,N,103:44:58.242188,E,37.343811, 121536.0,141217,0.000000,0,210045434
1:25:40.982292,N,103:44:58.242188,E,38.161621, 121537.0,141217,0.000000,0,210045434
1:25:40.982292,N,103:44:58.242188,E,37.724304, 121538.0,141217,0.000000,0,210045434
1:25:40.982292,N,103:44:58.242188,E,37.274231, 121539.0,141217,0.000000,0,210045434
1:25:40.982292,N,103:44:58.242188,E,36.761536, 121540.0,141217,0.000000,0,210045434
1:25:40.982292,N,103:44:58.242188,E,36.908020, 121541.0,141217,0.000000,0,210045434
1:25:40.982292,N,103:44:58.242188,E,37.366516, 121542.0,141217,0.000000,0,210045434
1:25:40.982292,N,103:44:58.242188,E,36.884766, 121543.0,141217,0.000000,0,210045434
1:25:41.054390,N,103:44:58.406982,E,37.016113, 121544.0,141217,0.000000,0,-10
1:25:41.054390,N,103:44:58.406982,E,36.365723, 121545.0,141217,0.000000,0,210045434
1:25:41.054390,N,103:44:58.406982,E,36.656128, 121546.0,141217,0.000000,0,210045434
1:25:41.054390,N,103:44:58.406982,E,37.058350, 121547.0,141217,0.000000,0,210045434
1:25:41.054390,N,103:44:58.406982,E,37.026001, 121548.0,141217,0.000000,0,210045434
1:25:41.054390,N,103:44:58.406982,E,37.158691, 121549.0,141217,0.000000,0,210045434
1:25:41.054390,N,103:44:58.406982,E,37.165161, 121550.0,141217,0.000000,0,210045434
1:25:41.054390,N,103:44:58.406982,E,37.177551, 121551.0,141217,0.000000,0,210045434
1:25:41.054390,N,103:44:58.406982,E,37.185242, 121552.0,141217,0.000000,0,210045434
1:25:41.054390,N,103:44:58.406982,E,37.192566, 121553.0,141217,0.000000,0,210045434
1:25:41.054390,N,103:44:58.406982,E,37.190063, 121554.0,141217,0.000000,0,210045434
1:25:41.054390,N,103:44:58.406982,E,37.181335, 121555.0,141217,0.000000,0,210045434
1:25:41.054390,N,103:44:58.406982,E,37.176941, 121556.0,141217,0.000000,0,210045434
1:25:41.054390,N,103:44:58.406982,E,37.177673, 121557.0,141217,0.000000,0,210045434
1:25:41.054390,N,103:44:58.406982,E,37.198792, 121558.0,141217,0.000000,0,210045434
1:25:41.054390,N,103:44:58.406982,E,37.235046, 121559.0,141217,0.000000,0,210045434
1:25:41.054390,N,103:44:58.406982,E,37.260681, 121600.0,141217,0.000000,0,210045434
1:25:41.054390,N,103:44:58.406982,E,37.260864, 121601.0,141217,0.000000,0,210045434
1:25:41.068554,N,103:44:58.434448,E,38.272705, 121602.0,141217,0.000000,0,210045434
1:25:41.054821,N,103:44:58.461914,E,39.474792, 121603.0,141217,0.000000,0,210045434
1:25:41.056969,N,103:44:58.434448,E,34.519226, 121604.0,141217,0.000000,0,210045434
1:25:41.056969,N,103:44:58.379517,E,32.001343, 121605.0,141217,0.000000,0,210045434
1:25:41.061256,N,103:44:58.352051,E,33.176147, 121606.0,141217,0.000000,0,210045434
1:25:41.054390,N,103:44:58.297119,E,30.593628, 121607.0,141217,0.000000,0,210045434
1:25:41.080570,N,103:44:58.214722,E,27.001282, 121608.0,141217,0.000000,3,-10
1:25:41.074989,N,103:44:58.159790,E,24.376953, 121609.0,141217,0.000000,0,210045434
1:25:41.060829,N,103:44:58.104858,E,21.710205, 121610.0,141217,0.000000,0,210045434
1:25:41.044090,N,103:44:58.049927,E,21.467468, 121611.0,141217,0.000000,0,-10
1:25:40.993454,N,103:44:58.049927,E,20.648071, 121612.0,141217,0.000000,0,210045434
1:25:40.921356,N,103:44:58.022461,E,20.384094, 121613.0,141217,0.000000,3,-10
1:25:40.838097,N,103:44:58.022461,E,20.579346, 121614.0,141217,0.000000,0,210045434
1:25:40.754414,N,103:44:58.049927,E,21.249939, 121615.0,141217,0.000000,3,-10
1:25:40.673733,N,103:44:58.077393,E,22.023071, 121616.0,141217,0.000000,4,-10
1:25:40.622665,N,103:44:58.104858,E,22.223572, 121617.0,141217,0.000000,4,210107279
1:25:40.610649,N,103:44:58.132324,E,21.349304, 121618.0,141217,0.000000,0,210107279
1:25:40.615368,N,103:44:58.159790,E,21.346924, 121619.0,141217,0.000000,0,210107279
1:25:40.606354,N,103:44:58.187256,E,21.510803, 121620.0,141217,0.000000,0,210107279
1:25:40.592194,N,103:44:58.214722,E,22.045532, 121621.0,141217,0.000000,0,210107279
1:25:40.602921,N,103:44:58.269653,E,22.971069, 121622.0,141217,0.000000,0,-10
1:25:40.608932,N,103:44:58.324585,E,23.587463, 121623.0,141217,0.000000,0,210107279
1:25:40.634682,N,103:44:58.434448,E,24.025513, 121624.0,141217,0.000000,5,-10
1:25:40.665581,N,103:44:58.626709,E,23.554932, 121625.0,141217,0.000000,10,-10
1:25:40.749695,N,103:44:58.928833,E,23.478333, 121626.0,141217,0.000000,17,210107279
1:25:40.798187,N,103:44:59.093628,E,23.474915, 121627.0,141217,0.000000,17,210107279
1:25:40.869427,N,103:44:59.423218,E,24.056274, 121628.0,141217,0.000000,26,210107279
1:25:40.653564,N,103:44:59.725342,E,23.728882, 121629.0,141217,0.000000,29,210107279
1:25:40.698196,N,103:44:59.945068,E,23.425476, 121630.0,141217,0.000000,28,210107279
1:25:40.780594,N,103:45:0.274658,E,23.344666, 121631.0,141217,0.000000,29,210107279
1:25:40.831230,N,103:45:0.466919,E,23.457275, 121632.0,141217,0.000000,26,210107279
1:25:40.881874,N,103:45:0.659180,E,22.990356, 121633.0,141217,0.000000,22,210107279
1:25:40.931225,N,103:45:0.851440,E,22.827209, 121634.0,141217,0.000000,21,210107279
1:25:41.033363,N,103:45:1.208496,E,28.864319, 121635.0,141217,0.000000,24,210107279
1:25:41.083572,N,103:45:1.400757,E,25.974365, 121636.0,141217,0.000000,20,210107279
1:25:41.137650,N,103:45:1.593018,E,23.704468, 121637.0,141217,0.000000,21,210107279
1:25:41.162537,N,103:45:1.675415,E,20.374023, 121638.0,141217,0.000000,17,210107279
1:25:41.303730,N,103:45:1.950073,E,20.905884, 121639.0,141217,0.000000,23,210107279
1:25:41.432907,N,103:45:2.087402,E,22.408813, 121640.0,141217,0.000000,22,210107279
1:25:41.426895,N,103:45:2.059937,E,23.668823, 121641.0,141217,0.000000,12,210107279
1:25:41.736317,N,103:45:2.252197,E,26.174866, 121642.0,141217,0.000000,18,-10
1:25:41.780518,N,103:45:2.252197,E,17.673828, 121643.0,141217,0.000000,7,210107279
1:25:41.912697,N,103:45:2.279663,E,17.241211, 121644.0,141217,0.000000,9,210107279
1:25:41.948746,N,103:45:2.279663,E,16.961609, 121645.0,141217,0.000000,7,210107279
1:25:42.167618,N,103:45:2.252197,E,15.351196, 121646.0,141217,0.000000,12,-10
1:25:42.452145,N,103:45:2.169800,E,11.588501, 121648.0,141217,0.000000,15,-10
1:25:42.609642,N,103:45:2.142334,E,11.534973, 121649.0,141217,0.000000,13,210107279
1:25:42.749119,N,103:45:2.114868,E,9.928162, 121650.0,141217,0.000000,14,210107279
1:25:42.898464,N,103:45:2.059937,E,10.107727, 121651.0,141217,0.000000,14,210107279
1:25:43.073559,N,103:45:2.032471,E,10.380127, 121652.0,141217,0.000000,15,210107279
1:25:43.256805,N,103:45:1.977539,E,18.892456, 121653.0,141217,0.000000,14,210107279
1:25:43.401432,N,103:45:1.950073,E,19.579468, 121654.0,141217,0.000000,15,210107279
1:25:43.528461,N,103:45:1.922607,E,19.323792, 121655.0,141217,0.000000,13,210107279
1:25:43.649910,N,103:45:1.895142,E,19.341370, 121656.0,141217,0.000000,13,210107279
1:25:43.861916,N,103:45:1.840210,E,18.961731, 121657.0,141217,0.000000,16,210107279
1:25:44.061897,N,103:45:1.812744,E,18.622009, 121658.0,141217,0.000000,18,210107279
1:25:44.266174,N,103:45:1.757813,E,17.448669, 121659.0,141217,0.000000,19,210107279
1:25:44.555428,N,103:45:1.702881,E,43.184875, 121700.0,141217,0.000000,21,210107279
1:25:44.794037,N,103:45:1.647949,E,39.068848, 121701.0,141217,0.000000,21,210107279
1:25:44.993591,N,103:45:1.593018,E,38.305420, 121702.0,141217,0.000000,21,210107279
1:25:45.168259,N,103:45:1.538086,E,40.454895, 121703.0,141217,0.000000,20,210107279
1:25:45.068695,N,103:45:1.565552,E,31.510010, 121704.0,141217,0.000000,15,210107278
1:25:45.106461,N,103:45:1.565552,E,26.395264, 121705.0,141217,0.000000,3,210107278
1:25:45.208168,N,103:45:1.538086,E,27.401184, 121706.0,141217,0.000000,3,-10
1:25:45.198727,N,103:45:1.593018,E,27.807007, 121707.0,141217,0.000000,0,210107278
1:25:45.292709,N,103:45:1.510620,E,28.505554, 121708.0,141217,0.000000,3,-10
1:25:45.282841,N,103:45:1.510620,E,29.145081, 121709.0,141217,0.000000,3,210107278
1:25:45.316315,N,103:45:1.510620,E,28.993225, 121710.0,141217,0.000000,0,210107278
1:25:45.315887,N,103:45:1.510620,E,27.547974, 121711.0,141217,0.000000,0,210107278
1:25:45.316315,N,103:45:1.510620,E,28.400696, 121712.0,141217,0.000000,3,210107278
1:25:45.314598,N,103:45:1.510620,E,24.448425, 121713.0,141217,0.000000,9,210107278
1:25:45.270393,N,103:45:1.263428,E,23.955322, 121714.0,141217,0.000000,15,-10
1:25:45.231773,N,103:45:1.071167,E,24.085571, 121715.0,141217,0.000000,18,-10
1:25:45.166969,N,103:45:0.714111,E,24.845276, 121716.0,141217,0.000000,22,210031719
1:25:45.116760,N,103:45:0.466919,E,23.961182, 121717.0,141217,0.000000,25,210031719
1:25:45.068264,N,103:45:0.192261,E,23.845764, 121718.0,141217,0.000000,25,210031719
1:25:45.012047,N,103:44:59.862671,E,24.352173, 121719.0,141217,0.000000,26,210031719
1:25:44.946384,N,103:44:59.505615,E,22.765137, 121720.0,141217,0.000000,30,210031719
1:25:44.921494,N,103:44:59.340820,E,20.164795, 121721.0,141217,0.000000,28,210031719
1:25:44.865704,N,103:44:59.011230,E,19.588989, 121722.0,141217,0.000000,29,210031719
1:25:44.867851,N,103:44:59.011230,E,14.932373, 121723.0,141217,0.000000,12,210031719
1:25:44.830940,N,103:44:58.791504,E,13.890503, 121724.0,141217,0.000000,16,-10
1:25:44.821072,N,103:44:58.736572,E,12.403076, 121725.0,141217,0.000000,9,210031719
1:25:44.793175,N,103:44:58.571777,E,10.601746, 121726.0,141217,0.000000,11,210031719
1:25:44.770004,N,103:44:58.406982,E,8.229248, 121727.0,141217,0.000000,11,210031719
1:25:44.751549,N,103:44:58.269653,E,7.472717, 121728.0,141217,0.000000,10,210031719
1:25:44.729660,N,103:44:58.132324,E,6.359161, 121729.0,141217,0.000000,12,210031719
1:25:44.706490,N,103:44:57.994995,E,4.662140, 121730.0,141217,0.000000,12,210031719
1:25:44.664860,N,103:44:57.720337,E,6.568207, 121731.0,141217,0.000000,18,210031719
1:25:44.644691,N,103:44:57.583008,E,6.105011, 121732.0,141217,0.000000,18,210031719
1:25:44.619797,N,103:44:57.418213,E,5.346222, 121733.0,141217,0.000000,18,210031719
1:25:44.586327,N,103:44:57.198486,E,6.880524, 121734.0,141217,0.000000,20,210031719
1:25:44.564865,N,103:44:57.061157,E,6.503601, 121735.0,141217,0.000000,20,210031719
1:25:44.531822,N,103:44:56.841431,E,5.798065, 121736.0,141217,0.000000,20,210031719
1:25:44.499634,N,103:44:56.621704,E,4.393646, 121737.0,141217,0.000000,21,210031719
1:25:44.460583,N,103:44:56.374512,E,10.670349, 121738.0,141217,0.000000,22,210031719
1:25:44.409943,N,103:44:56.072388,E,3.052673, 121739.0,141217,0.000000,25,210031719
1:25:44.368744,N,103:44:55.825195,E,-0.507599, 121740.0,141217,0.000000,26,210031719
1:25:44.330120,N,103:44:55.605469,E,-2.417938, 121741.0,141217,0.000000,27,210031719
1:25:44.284203,N,103:44:55.358276,E,-5.059326, 121742.0,141217,0.000000,27,210031719
1:25:44.251156,N,103:44:55.166016,E,-7.033081, 121743.0,141217,0.000000,27,210031719
1:25:44.203949,N,103:44:54.891357,E,5.033569, 121744.0,141217,0.000000,28,210031719
1:25:44.176056,N,103:44:54.726563,E,-7.710419, 121745.0,141217,0.000000,26,210031719
1:25:44.130993,N,103:44:54.479370,E,-8.698151, 121746.0,141217,0.000000,26,210031719
1:25:44.078636,N,103:44:54.177246,E,-9.030792, 121747.0,141217,0.000000,28,210031719
1:25:44.034863,N,103:44:53.930054,E,-8.233917, 121748.0,141217,0.000000,28,210031719
1:25:43.988083,N,103:44:53.682861,E,-6.779694, 121749.0,141217,0.000000,28,210031719
1:25:43.951607,N,103:44:53.463135,E,-7.314423, 121750.0,141217,0.000000,28,210031719
1:25:43.908264,N,103:44:53.215942,E,-7.862579, 121751.0,141217,0.000000,28,210031719
1:25:43.862770,N,103:44:52.913818,E,-9.166992, 121752.0,141217,0.000000,29,210031715
1:25:43.828011,N,103:44:52.694092,E,-9.948669, 121753.0,141217,0.000000,28,210031715
1:25:43.816853,N,103:44:52.611694,E,-10.441284, 121754.0,141217,0.000000,23,210031715
1:25:43.783806,N,103:44:52.391968,E,-10.118835, 121755.0,141217,0.000000,24,210031715
1:25:43.753338,N,103:44:52.172241,E,10.810852, 121756.0,141217,0.000000,24,210031715
1:25:43.717289,N,103:44:51.952515,E,-9.551025, 121757.0,141217,0.000000,24,210031715
1:25:43.688107,N,103:44:51.760254,E,-9.721375, 121758.0,141217,0.000000,22,210031715
1:25:43.661926,N,103:44:51.567993,E,-9.593750, 121759.0,141217,0.000000,21,210031715
1:25:43.640041,N,103:44:51.430664,E,-9.706543, 121800.0,141217,0.000000,19,210031715
1:25:43.617725,N,103:44:51.265869,E,-8.818268, 121801.0,141217,0.000000,17,210031715
1:25:43.603561,N,103:44:51.183472,E,-9.375458, 121802.0,141217,0.000000,5,210031715
1:25:43.591118,N,103:44:51.101074,E,-9.278137, 121803.0,141217,0.000000,5,210031715
1:25:43.594124,N,103:44:51.101074,E,10.127869, 121804.0,141217,0.000000,0,210031715
1:25:43.590691,N,103:44:51.101074,E,-9.587616, 121805.0,141217,0.000000,0,210031715
1:25:43.585541,N,103:44:51.046143,E,-9.488525, 121806.0,141217,0.000000,0,210031715
1:25:43.583824,N,103:44:51.046143,E,-10.035156, 121807.0,141217,0.000000,0,210031715
1:25:43.567944,N,103:44:50.936279,E,-8.197632, 121808.0,141217,0.000000,3,-10
1:25:43.563225,N,103:44:50.908813,E,-7.468384, 121809.0,141217,0.000000,0,210031715
1:25:43.560219,N,103:44:50.881348,E,-7.051605, 121810.0,141217,0.000000,0,210031715
1:25:43.554642,N,103:44:50.853882,E,-4.009644, 121811.0,141217,0.000000,3,210031715
1:25:43.551636,N,103:44:50.826416,E,-2.932037, 121812.0,141217,0.000000,5,210031715
1:25:42.921211,N,103:44:50.744019,E,-2.464600, 121813.0,141217,0.000000,15,-10
1:25:42.932796,N,103:44:50.744019,E,-0.854218, 121814.0,141217,0.000000,7,210031715
1:25:42.616940,N,103:44:50.798950,E,7.428741, 121816.0,141217,0.000000,15,-10
1:25:42.325115,N,103:44:50.853882,E,11.653687, 121817.0,141217,0.000000,20,-10
1:25:41.557789,N,103:44:50.936279,E,15.724060, 121819.0,141217,0.000000,28,210014911
1:25:41.182709,N,103:44:50.963745,E,15.920715, 121820.0,141217,0.000000,32,210014911
1:25:40.826942,N,103:44:50.963745,E,16.397644, 121821.0,141217,0.000000,33,210014911
1:25:40.312813,N,103:44:50.991211,E,15.357300, 121822.0,141217,0.000000,39,210014911
1:25:40.041588,N,103:44:50.963745,E,14.637451, 121823.0,141217,0.000000,34,210014911
1:25:39.780235,N,103:44:50.963745,E,13.845398, 121824.0,141217,0.000000,31,210014911
1:25:39.480686,N,103:44:50.908813,E,13.819519, 121825.0,141217,0.000000,29,210014911
1:25:39.342072,N,103:44:50.881348,E,13.292969, 121826.0,141217,0.000000,25,210014911
1:25:39.142944,N,103:44:50.826416,E,11.816650, 121827.0,141217,0.000000,22,210014911
1:25:38.967850,N,103:44:50.798950,E,10.976196, 121828.0,141217,0.000000,21,210014911
1:25:38.792755,N,103:44:50.744019,E,10.428650, 121829.0,141217,0.000000,20,210014911
1:25:38.694477,N,103:44:50.716553,E,8.258606, 121830.0,141217,0.000000,18,210014911
1:25:38.493202,N,103:44:50.771484,E,9.454285, 121831.0,141217,0.000000,17,210014911
1:25:38.463165,N,103:44:50.853882,E,9.643005, 121832.0,141217,0.000000,13,210031667
1:25:38.422394,N,103:44:50.991211,E,9.541870, 121833.0,141217,0.000000,14,210031667
1:25:38.349869,N,103:44:51.210938,E,10.293579, 121834.0,141217,0.000000,18,210031667
1:25:38.270905,N,103:44:51.430664,E,10.076294, 121835.0,141217,0.000000,21,210031667
1:25:38.193657,N,103:44:51.650391,E,9.937317, 121836.0,141217,0.000000,22,210031667
1:25:38.092804,N,103:44:51.925049,E,10.906311, 121837.0,141217,0.000000,27,210031667
1:25:37.967491,N,103:44:52.199707,E,12.193176, 121838.0,141217,0.000000,28,210031667
1:25:37.841751,N,103:44:52.446899,E,12.100891, 121839.0,141217,0.000000,29,210031667
1:25:37.691544,N,103:44:52.749023,E,11.980347, 121840.0,141217,0.000000,31,210031667
1:25:37.533615,N,103:44:53.023682,E,12.365662, 121841.0,141217,0.000000,32,210031667
1:25:37.403152,N,103:44:53.270874,E,12.478394, 121842.0,141217,0.000000,31,210031667
1:25:37.252090,N,103:44:53.490601,E,11.805847, 121843.0,141217,0.000000,28,210031667
1:25:37.140942,N,103:44:53.627930,E,11.318604, 121844.0,141217,0.000000,26,210031667
1:25:37.000179,N,103:44:53.765259,E,11.273193, 121845.0,141217,0.000000,25,210031667
1:25:36.867142,N,103:44:53.902588,E,11.503174, 121846.0,141217,0.000000,21,210031667
1:25:36.746120,N,103:44:54.039917,E,11.494385, 121847.0,141217,0.000000,20,210031667
1:25:36.661575,N,103:44:54.122314,E,10.290710, 121848.0,141217,0.000000,15,210031667
1:25:36.603210,N,103:44:54.177246,E,10.211487, 121849.0,141217,0.000000,11,210031667
1:25:36.586475,N,103:44:54.204712,E,10.216492, 121850.0,141217,0.000000,0,210031667
1:25:36.560726,N,103:44:54.232178,E,9.312988, 121851.0,141217,0.000000,0,210031667
1:25:36.540127,N,103:44:54.259644,E,9.269714, 121852.0,141217,0.000000,0,210031667
1:25:36.538841,N,103:44:54.259644,E,10.435303, 121853.0,141217,0.000000,0,210031667
1:25:36.542274,N,103:44:54.259644,E,10.723083, 121854.0,141217,0.000000,0,210031667
1:25:36.544846,N,103:44:54.259644,E,10.713135, 121855.0,141217,0.000000,0,210031667
1:25:36.498070,N,103:44:54.287109,E,10.148682, 121856.0,141217,0.000000,0,210031667
1:25:36.489059,N,103:44:54.314575,E,10.144165, 121857.0,141217,0.000000,0,210031667
1:25:36.428116,N,103:44:54.369507,E,9.824280, 121858.0,141217,0.000000,0,-10
1:25:36.428116,N,103:44:54.369507,E,9.824280, 121858.0,141217,0.000000,0,-10
1:25:36.420395,N,103:44:54.369507,E,8.279602, 121900.0,141217,0.000000,0,210031667
1:25:36.409664,N,103:44:54.396973,E,8.189087, 121901.0,141217,0.000000,0,210031667
1:25:36.378765,N,103:44:54.424438,E,7.960236, 121902.0,141217,0.000000,0,210031667
1:25:36.378765,N,103:44:54.424438,E,7.960236, 121902.0,141217,0.000000,0,210031667
1:25:36.378765,N,103:44:54.424438,E,7.960236, 121902.0,141217,0.000000,0,210031667
1:25:36.378765,N,103:44:54.424438,E,7.960236, 121902.0,141217,0.000000,0,210031667
1:25:36.378765,N,103:44:54.424438,E,7.960236, 121902.0,141217,0.000000,0,210031667
1:25:36.365891,N,103:44:54.287109,E,34.777100, 123219.0,141217,0.000000,0,210031667
1:25:36.365891,N,103:44:54.287109,E,32.858582, 123220.0,141217,0.000000,0,210031667
1:25:36.597633,N,103:44:54.259644,E,30.121643, 123221.0,141217,0.000000,4,-10
1:25:36.597633,N,103:44:54.259644,E,30.088989, 123222.0,141217,0.000000,0,210031667
1:25:36.597633,N,103:44:54.259644,E,28.976501, 123223.0,141217,0.000000,0,210031667
1:25:36.597633,N,103:44:54.259644,E,28.088379, 123224.0,141217,0.000000,0,210031667
1:25:36.783455,N,103:44:54.287109,E,27.433350, 123225.0,141217,0.000000,0,-10
1:25:36.783455,N,103:44:54.287109,E,23.107178, 123226.0,141217,0.000000,0,210031667
1:25:36.783455,N,103:44:54.287109,E,22.623413, 123227.0,141217,0.000000,0,210031667
1:25:36.783455,N,103:44:54.287109,E,21.049927, 123228.0,141217,0.000000,0,210031667
1:25:36.783455,N,103:44:54.287109,E,19.729065, 123229.0,141217,0.000000,0,210031667
1:25:36.783455,N,103:44:54.287109,E,19.565918, 123230.0,141217,0.000000,0,210031667
1:25:36.783455,N,103:44:54.287109,E,19.205017, 123231.0,141217,0.000000,0,210031667
1:25:36.783455,N,103:44:54.287109,E,19.506897, 123232.0,141217,0.000000,0,210031667
1:25:36.783455,N,103:44:54.287109,E,19.332703, 123233.0,141217,0.000000,0,210031667
1:25:36.783455,N,103:44:54.287109,E,19.430420, 123234.0,141217,0.000000,0,210031667
1:25:36.783455,N,103:44:54.287109,E,19.236816, 123235.0,141217,0.000000,0,210031667
1:25:36.783455,N,103:44:54.287109,E,19.207275, 123236.0,141217,0.000000,0,210031667
1:25:36.783455,N,103:44:54.287109,E,19.029724, 123237.0,141217,0.000000,0,210031667
1:25:36.783455,N,103:44:54.287109,E,18.997986, 123238.0,141217,0.000000,0,210031667
1:25:36.783455,N,103:44:54.287109,E,19.008911, 123239.0,141217,0.000000,0,210031667
1:25:36.783455,N,103:44:54.287109,E,19.065613, 123240.0,141217,0.000000,0,210031667
1:25:36.701920,N,103:44:54.369507,E,19.301331, 123241.0,141217,0.000000,3,-10
1:25:36.639259,N,103:44:54.396973,E,18.514771, 123242.0,141217,0.000000,4,-10
1:25:36.498497,N,103:44:54.506836,E,17.783203, 123243.0,141217,0.000000,9,210031667
1:25:36.327267,N,103:44:54.644165,E,16.118713, 123244.0,141217,0.000000,16,210031667
1:25:36.068058,N,103:44:54.726563,E,15.109924, 123245.0,141217,0.000000,20,210031667
1:25:35.872364,N,103:44:54.918823,E,15.027649, 123246.0,141217,0.000000,23,210031667
1:25:35.676239,N,103:44:55.111084,E,14.501282, 123247.0,141217,0.000000,26,210031667
1:25:35.426476,N,103:44:55.358276,E,14.434326, 123248.0,141217,0.000000,30,210031667
1:25:35.168552,N,103:44:55.605469,E,15.234802, 123249.0,141217,0.000000,33,210031667
1:25:34.917068,N,103:44:55.825195,E,14.915466, 123250.0,141217,0.000000,34,210031667
1:25:34.616234,N,103:44:56.127319,E,13.602905, 123251.0,141217,0.000000,38,210031667
1:25:34.275482,N,103:44:56.429443,E,13.347656, 123252.0,141217,0.000000,41,210031667
1:25:33.993530,N,103:44:56.704102,E,13.246948, 123253.0,141217,0.000000,40,210031667
1:25:33.693981,N,103:44:57.006226,E,13.624084, 123254.0,141217,0.000000,43,210031667
1:25:33.415459,N,103:44:57.280884,E,14.058350, 123255.0,141217,0.000000,43,210031667
1:25:33.127068,N,103:44:57.555542,E,14.468079, 123255.0,141217,0.000000,43,210031667
1:25:32.792759,N,103:44:57.830200,E,14.280640, 123256.0,141217,0.000000,50,210031667
1:25:32.480335,N,103:44:58.104858,E,13.338196, 123257.0,141217,0.000000,49,210031667
1:25:32.113838,N,103:44:58.379517,E,10.677368, 123258.0,141217,0.000000,48,210031667
1:25:31.811285,N,103:44:58.571777,E,11.957031, 123259.0,141217,0.000000,47,210031667
1:25:31.426764,N,103:44:58.764038,E,11.848267, 123300.0,141217,0.000000,45,210031667
1:25:31.058550,N,103:44:58.928833,E,10.547119, 123301.0,141217,0.000000,45,210031667
1:25:30.690765,N,103:44:59.038696,E,10.584290, 123302.0,141217,0.000000,44,210031667
1:25:30.309677,N,103:44:59.121094,E,10.537964, 123303.0,141217,0.000000,44,210031667
1:25:29.880953,N,103:44:59.203491,E,10.189331, 123304.0,141217,0.000000,44,210031667
1:25:29.461241,N,103:44:59.285889,E,10.234192, 123305.0,141217,0.000000,46,210031667
1:25:29.051399,N,103:44:59.340820,E,10.066040, 123306.0,141217,0.000000,46,210031667
1:25:28.613663,N,103:44:59.423218,E,10.503906, 123307.0,141217,0.000000,47,210031667
1:25:28.212404,N,103:44:59.505615,E,10.021057, 123308.0,141217,0.000000,46,210031667
1:25:27.809858,N,103:44:59.560547,E,10.257080, 123309.0,141217,0.000000,44,210031667
1:25:27.435637,N,103:44:59.642944,E,10.029907, 123310.0,141217,0.000000,42,210031667
1:25:27.099609,N,103:44:59.697876,E,9.670227, 123311.0,141217,0.000000,39,210031667
1:25:26.867437,N,103:44:59.725342,E,9.035278, 123312.0,141217,0.000000,29,210031667
1:25:26.723242,N,103:44:59.752808,E,8.383850, 123313.0,141217,0.000000,22,210031667
1:25:26.618528,N,103:44:59.780273,E,7.787964, 123314.0,141217,0.000000,18,210031667
1:25:26.521540,N,103:44:59.807739,E,8.415405, 123315.0,141217,0.000000,14,210031667
1:25:26.414680,N,103:44:59.807739,E,8.208984, 123316.0,141217,0.000000,12,210031667
1:25:26.321125,N,103:44:59.835205,E,7.566864, 123317.0,141217,0.000000,15,210031667
1:25:26.155901,N,103:44:59.862671,E,7.199890, 123318.0,141217,0.000000,15,210031667
1:25:25.963640,N,103:44:59.890137,E,7.754272, 123319.0,141217,0.000000,18,210031667
1:25:25.768805,N,103:44:59.917603,E,8.580261, 123320.0,141217,0.000000,20,210031667
1:25:25.537062,N,103:44:59.972534,E,8.241821, 123321.0,141217,0.000000,23,210031667
1:25:25.316477,N,103:45:0.000000,E,8.677368, 123322.0,141217,0.000000,23,210031667
1:25:25.007057,N,103:45:0.054932,E,8.381165, 123323.0,141217,0.000000,27,210031667
1:25:24.870157,N,103:45:0.082397,E,9.350464, 123324.0,141217,0.000000,27,210031663
1:25:24.424267,N,103:45:0.164795,E,9.370422, 123325.0,141217,0.000000,31,210031663
1:25:24.111843,N,103:45:0.247192,E,9.749878, 123326.0,141217,0.000000,34,210031663
1:25:23.790407,N,103:45:0.302124,E,8.743225, 123327.0,141217,0.000000,34,210031663
1:25:23.450089,N,103:45:0.384521,E,9.226990, 123328.0,141217,0.000000,35,210031663
1:25:23.132944,N,103:45:0.439453,E,7.359436, 123329.0,141217,0.000000,35,210031663
1:25:22.797346,N,103:45:0.494385,E,7.606689, 123330.0,141217,0.000000,35,210031663
1:25:22.450590,N,103:45:0.549316,E,7.497559, 123331.0,141217,0.000000,36,210031663
1:25:22.112846,N,103:45:0.631714,E,7.826141, 123332.0,141217,0.000000,36,210031663
1:25:21.781111,N,103:45:0.686646,E,7.021484, 123333.0,141217,0.000000,36,210031663
1:25:21.469975,N,103:45:0.741577,E,7.245300, 123334.0,141217,0.000000,34,210031663
1:25:21.162701,N,103:45:0.796509,E,6.083649, 123335.0,141217,0.000000,33,210031663
1:25:20.851564,N,103:45:0.851440,E,6.240753, 123336.0,141217,0.000000,34,210031663
1:25:20.561457,N,103:45:0.906372,E,6.087677, 123337.0,141217,0.000000,33,210031663
1:25:20.258904,N,103:45:0.961304,E,6.015961, 123338.0,141217,0.000000,33,210031663
1:25:19.933176,N,103:45:1.016235,E,6.138702, 123339.0,141217,0.000000,35,210031663
1:25:19.617319,N,103:45:1.071167,E,6.627747, 123340.0,141217,0.000000,35,210031663
1:25:19.299746,N,103:45:1.126099,E,6.725433, 123341.0,141217,0.000000,35,210031663
1:25:18.975735,N,103:45:1.181030,E,6.824280, 123342.0,141217,0.000000,34,210031663
1:25:18.677473,N,103:45:1.235962,E,7.525574, 123343.0,141217,0.000000,32,210031663
1:25:18.407965,N,103:45:1.263428,E,7.791443, 123344.0,141217,0.000000,31,210031663
1:25:18.141460,N,103:45:1.318359,E,4.884827, 123345.0,141217,0.000000,30,210031663
1:25:17.850924,N,103:45:1.373291,E,4.642853, 123346.0,141217,0.000000,32,210031663
1:25:17.553091,N,103:45:1.428223,E,6.241791, 123347.0,141217,0.000000,34,210031659
1:25:17.218781,N,103:45:1.483154,E,7.023041, 123348.0,141217,0.000000,35,210031659
1:25:16.854858,N,103:45:1.538086,E,7.292267, 123349.0,141217,0.000000,38,210031659
1:25:16.493082,N,103:45:1.593018,E,6.941406, 123350.0,141217,0.000000,38,210031659
1:25:16.108131,N,103:45:1.675415,E,7.733368, 123351.0,141217,0.000000,41,210031659
1:25:15.716314,N,103:45:1.757813,E,5.459930, 123352.0,141217,0.000000,42,210031659
1:25:15.324497,N,103:45:1.812744,E,5.611023, 123353.0,141217,0.000000,42,210031659
1:25:14.923668,N,103:45:1.895142,E,4.522095, 123354.0,141217,0.000000,42,210031659
1:25:14.513397,N,103:45:1.977539,E,4.616669, 123355.0,141217,0.000000,43,210031659
1:25:14.100981,N,103:45:2.059937,E,5.666931, 123356.0,141217,0.000000,43,210031659
1:25:13.707447,N,103:45:2.142334,E,5.345245, 123357.0,141217,0.000000,43,210031659
1:25:13.286448,N,103:45:2.197266,E,5.084686, 123358.0,141217,0.000000,46,210031659
1:25:12.851286,N,103:45:2.279663,E,5.165131, 123359.0,141217,0.000000,46,210031659
1:25:12.407970,N,103:45:2.362061,E,5.322968, 123400.0,141217,0.000000,47,210031659
1:25:11.968088,N,103:45:2.444458,E,5.020508, 123401.0,141217,0.000000,47,210031659
1:25:11.557817,N,103:45:2.499390,E,4.382263, 123402.0,141217,0.000000,46,210031659
1:25:11.094761,N,103:45:2.581787,E,4.638245, 123403.0,141217,0.000000,49,210031659
1:25:10.629129,N,103:45:2.664185,E,5.185455, 123404.0,141217,0.000000,50,210031659
1:25:10.162640,N,103:45:2.719116,E,4.873383, 123405.0,141217,0.000000,50,210031655
1:25:9.677696,N,103:45:2.801514,E,5.020782, 123406.0,141217,0.000000,50,210031655
1:25:9.227943,N,103:45:2.883911,E,4.447968, 123407.0,141217,0.000000,50,210031655
1:25:8.739996,N,103:45:2.966309,E,4.784546, 123408.0,141217,0.000000,51,210031655
1:25:8.291101,N,103:45:3.048706,E,2.018616, 123409.0,141217,0.000000,51,210031655
1:25:7.831049,N,103:45:3.131104,E,5.355804, 123410.0,141217,0.000000,50,210031655
1:25:7.344818,N,103:45:3.213501,E,5.333008, 123411.0,141217,0.000000,51,210031655
1:25:6.880045,N,103:45:3.323364,E,5.398712, 123412.0,141217,0.000000,51,210031655
1:25:6.399393,N,103:45:3.405762,E,5.228027, 123413.0,141217,0.000000,51,210031655
1:25:5.958223,N,103:45:3.488159,E,4.679108, 123414.0,141217,0.000000,49,210031655
1:25:5.531645,N,103:45:3.570557,E,4.812195, 123415.0,141217,0.000000,49,210031655
1:25:5.111933,N,103:45:3.652954,E,5.165771, 123416.0,141217,0.000000,46,210031655
1:25:4.710245,N,103:45:3.707886,E,5.525513, 123417.0,141217,0.000000,45,210031655
1:25:4.311562,N,103:45:3.790283,E,5.579102, 123418.0,141217,0.000000,43,210031655
1:25:3.923178,N,103:45:3.872681,E,5.776489, 123419.0,141217,0.000000,43,210031655
1:25:3.564835,N,103:45:3.927612,E,5.698364, 123420.0,141217,0.000000,42,210031655
1:25:3.179026,N,103:45:3.982544,E,6.324127, 123421.0,141217,0.000000,42,210031655
1:25:2.936554,N,103:45:4.037476,E,6.780823, 123422.0,141217,0.000000,37,210031655
1:25:2.485085,N,103:45:4.119873,E,6.028320, 123423.0,141217,0.000000,39,210031655
1:25:2.133608,N,103:45:4.174805,E,5.741608, 123424.0,141217,0.000000,36,210031651
1:25:1.862812,N,103:45:4.229736,E,4.868835, 123425.0,141217,0.000000,33,210031651
1:25:1.618195,N,103:45:4.257202,E,4.512329, 123426.0,141217,0.000000,30,210031651
1:25:1.371861,N,103:45:4.312134,E,5.273560, 123427.0,141217,0.000000,28,210031651
1:25:1.132822,N,103:45:4.367065,E,4.963470, 123428.0,141217,0.000000,30,210031651
1:25:0.849152,N,103:45:4.394531,E,7.588226, 123429.0,141217,0.000000,29,210031651
1:25:0.555182,N,103:45:4.449463,E,7.932190, 123430.0,141217,0.000000,30,210031651
1:25:0.295973,N,103:45:4.504395,E,8.227722, 123431.0,141217,0.000000,27,210031651
1:25:0.042772,N,103:45:4.531860,E,7.935364, 123432.0,141217,0.000000,27,210031651
1:24:59.814892,N,103:45:4.586792,E,7.421082, 123433.0,141217,0.000000,27,210031651
1:24:59.591301,N,103:45:4.614258,E,6.996582, 123434.0,141217,0.000000,24,210031651
1:24:59.338959,N,103:45:4.669189,E,7.105194, 123435.0,141217,0.000000,26,210031651
1:24:59.088764,N,103:45:4.696655,E,7.076752, 123436.0,141217,0.000000,26,210031651
1:24:58.824406,N,103:45:4.751587,E,7.051941, 123437.0,141217,0.000000,29,210031651
1:24:58.564766,N,103:45:4.806519,E,7.180847, 123438.0,141217,0.000000,29,210031651
1:24:58.303841,N,103:45:4.833984,E,7.641235, 123439.0,141217,0.000000,29,210031651
1:24:58.028755,N,103:45:4.888916,E,8.335632, 123440.0,141217,0.000000,29,210031651
1:24:57.798729,N,103:45:4.943848,E,9.009460, 123441.0,141217,0.000000,26,210031651
1:24:57.591446,N,103:45:4.971313,E,9.201721, 123442.0,141217,0.000000,24,210031651
1:24:57.451546,N,103:45:4.998779,E,9.829468, 123443.0,141217,0.000000,18,210031651
1:24:57.336102,N,103:45:5.026245,E,10.280518, 123444.0,141217,0.000000,15,210031651
1:24:57.249840,N,103:45:5.026245,E,11.754272, 123445.0,141217,0.000000,12,210031651
1:24:57.181606,N,103:45:5.053711,E,12.593201, 123446.0,141217,0.000000,0,210031651
1:24:57.145988,N,103:45:5.053711,E,11.528320, 123447.0,141217,0.000000,0,210031651
1:24:57.139977,N,103:45:5.053711,E,11.330444, 123448.0,141217,0.000000,0,210031651
1:24:57.139977,N,103:45:5.053711,E,11.544800, 123449.0,141217,0.000000,0,210031651
1:24:57.140839,N,103:45:5.053711,E,11.314819, 123450.0,141217,0.000000,0,210031651
1:24:57.146416,N,103:45:5.053711,E,14.397949, 123451.0,141217,0.000000,0,210031651
1:24:57.118950,N,103:45:5.053711,E,11.772583, 123452.0,141217,0.000000,0,210031651
1:24:57.106934,N,103:45:5.053711,E,11.339905, 123453.0,141217,0.000000,0,210031651
1:24:57.082901,N,103:45:5.053711,E,11.626099, 123454.0,141217,0.000000,0,210031651
1:24:57.050285,N,103:45:5.053711,E,11.698608, 123455.0,141217,0.000000,0,210031651
1:24:56.997929,N,103:45:5.081177,E,11.922058, 123456.0,141217,0.000000,4,-10
1:24:56.991920,N,103:45:5.081177,E,11.142944, 123457.0,141217,0.000000,3,210031651
1:24:57.051575,N,103:45:5.053711,E,11.514465, 123458.0,141217,0.000000,6,-10
1:24:57.183754,N,103:45:5.026245,E,11.214661, 123459.0,141217,0.000000,10,-10
1:24:57.345116,N,103:45:4.888916,E,11.720337, 123500.0,141217,0.000000,16,-10
1:24:57.596169,N,103:45:4.833984,E,11.478577, 123501.0,141217,0.000000,22,-10
1:24:57.894001,N,103:45:4.779053,E,11.340149, 123502.0,141217,0.000000,26,210031650
1:24:58.223160,N,103:45:4.696655,E,11.151489, 123503.0,141217,0.000000,31,210031650
1:24:58.631714,N,103:45:4.779053,E,11.162170, 123504.0,141217,0.000000,35,210031650
1:24:59.014091,N,103:45:4.724121,E,11.326904, 123505.0,141217,0.000000,39,210031650
1:24:59.384453,N,103:45:4.669189,E,11.188904, 123506.0,141217,0.000000,42,210031650
1:24:59.823906,N,103:45:4.586792,E,10.169739, 123507.0,141217,0.000000,41,210031650
1:25:0.227737,N,103:45:4.504395,E,10.508789, 123508.0,141217,0.000000,43,210031650
1:25:0.654745,N,103:45:4.449463,E,10.720459, 123509.0,141217,0.000000,43,210031650
1:25:1.050854,N,103:45:4.367065,E,8.430359, 123510.0,141217,0.000000,43,210031650
1:25:1.451683,N,103:45:4.312134,E,8.242554, 123511.0,141217,0.000000,43,210031650
1:25:1.853800,N,103:45:4.229736,E,11.341980, 123512.0,141217,0.000000,43,210031650
1:25:2.264071,N,103:45:4.147339,E,12.210571, 123513.0,141217,0.000000,44,210031650
1:25:2.645159,N,103:45:4.092407,E,12.414978, 123514.0,141217,0.000000,42,210031650
1:25:2.923679,N,103:45:4.037476,E,12.074829, 123515.0,141217,0.000000,40,210031654
1:25:3.453684,N,103:45:3.955078,E,12.152588, 123516.0,141217,0.000000,44,210031654
1:25:3.895712,N,103:45:3.872681,E,12.546631, 123517.0,141217,0.000000,46,210031654
1:25:4.327440,N,103:45:3.790283,E,12.875610, 123518.0,141217,0.000000,47,210031654
1:25:4.795647,N,103:45:3.707886,E,13.285889, 123519.0,141217,0.000000,49,210031654
1:25:5.252695,N,103:45:3.625488,E,14.078064, 123520.0,141217,0.000000,50,210031654
1:25:5.729055,N,103:45:3.515625,E,14.001282, 123521.0,141217,0.000000,52,210031654
1:25:6.214428,N,103:45:3.433228,E,14.213501, 123522.0,141217,0.000000,52,210031654
1:25:6.764603,N,103:45:3.323364,E,13.959839, 123523.0,141217,0.000000,56,210031654
1:25:7.269287,N,103:45:3.240967,E,14.132568, 123524.0,141217,0.000000,57,210031654
1:25:7.808304,N,103:45:3.131104,E,14.171448, 123525.0,141217,0.000000,58,210031654
1:25:8.341312,N,103:45:3.048706,E,14.601379, 123526.0,141217,0.000000,58,210031654
1:25:8.873892,N,103:45:2.938843,E,14.480164, 123527.0,141217,0.000000,58,210031654
1:25:9.389734,N,103:45:2.856445,E,14.335938, 123528.0,141217,0.000000,56,210031654
1:25:9.856653,N,103:45:2.774048,E,15.027222, 123529.0,141217,0.000000,53,210031654
1:25:10.335159,N,103:45:2.691650,E,14.557800, 123530.0,141217,0.000000,52,210031654
1:25:10.838556,N,103:45:2.636719,E,13.694214, 123531.0,141217,0.000000,54,210031654
1:25:11.368561,N,103:45:2.554321,E,13.658752, 123532.0,141217,0.000000,55,210031658
1:25:11.895990,N,103:45:2.444458,E,13.357727, 123533.0,141217,0.000000,57,210031658
1:25:12.447023,N,103:45:2.362061,E,13.336365, 123534.0,141217,0.000000,58,210031658
1:25:12.976170,N,103:45:2.279663,E,13.506287, 123535.0,141217,0.000000,58,210031658
1:25:13.527632,N,103:45:2.169800,E,12.356689, 123536.0,141217,0.000000,59,210031658
1:25:14.063215,N,103:45:2.059937,E,12.255371, 123537.0,141217,0.000000,58,210031658
1:25:14.601374,N,103:45:1.950073,E,12.619141, 123538.0,141217,0.000000,59,210031658
1:25:15.130949,N,103:45:1.867676,E,12.580750, 123539.0,141217,0.000000,58,210031658
1:25:15.649366,N,103:45:1.757813,E,12.064941, 123540.0,141217,0.000000,58,210031658
1:25:16.173363,N,103:45:1.675415,E,11.862000, 123541.0,141217,0.000000,58,210031658
1:25:16.663885,N,103:45:1.565552,E,12.133606, 123542.0,141217,0.000000,55,210031658
1:25:17.116642,N,103:45:1.483154,E,11.538330, 123543.0,141217,0.000000,55,210031658
1:25:17.590857,N,103:45:1.428223,E,11.973755, 123544.0,141217,0.000000,52,210031658
1:25:17.998981,N,103:45:1.345825,E,11.404053, 123545.0,141217,0.000000,51,210031658
1:25:18.434572,N,103:45:1.263428,E,11.158875, 123546.0,141217,0.000000,49,210031662
1:25:18.823385,N,103:45:1.208496,E,13.105408, 123547.0,141217,0.000000,46,210031662
1:25:19.196749,N,103:45:1.126099,E,13.343628, 123548.0,141217,0.000000,43,210031662
1:25:19.501877,N,103:45:1.071167,E,12.599243, 123549.0,141217,0.000000,39,210031662
1:25:19.803572,N,103:45:1.016235,E,11.994202, 123550.0,141217,0.000000,36,210031662
1:25:20.066643,N,103:45:0.988770,E,12.507629, 123551.0,141217,0.000000,31,210031662
1:25:20.300102,N,103:45:0.933838,E,12.795776, 123552.0,141217,0.000000,29,210031662
1:25:20.555449,N,103:45:0.906372,E,12.609497, 123553.0,141217,0.000000,30,210031662
1:25:20.834827,N,103:45:0.851440,E,12.782410, 123554.0,141217,0.000000,31,210031662
1:25:21.160126,N,103:45:0.796509,E,12.677979, 123555.0,141217,0.000000,34,210031662
1:25:21.508598,N,103:45:0.714111,E,12.863647, 123556.0,141217,0.000000,37,210031662
1:25:21.882391,N,103:45:0.659180,E,12.802124, 123557.0,141217,0.000000,38,210031662
1:25:22.269058,N,103:45:0.604248,E,12.832214, 123558.0,141217,0.000000,41,210031662
1:25:22.663021,N,103:45:0.521851,E,12.528198, 123559.0,141217,0.000000,42,210031662
1:25:23.082304,N,103:45:0.439453,E,12.631592, 123600.0,141217,0.000000,44,210031662
1:25:23.503304,N,103:45:0.357056,E,12.687988, 123601.0,141217,0.000000,45,210031662
1:25:23.935461,N,103:45:0.274658,E,12.683960, 123602.0,141217,0.000000,46,210031662
1:25:24.388647,N,103:45:0.192261,E,12.831787, 123603.0,141217,0.000000,48,210031662
1:25:24.855566,N,103:45:0.082397,E,12.648376, 123604.0,141217,0.000000,49,210031662
1:25:25.326347,N,103:45:0.000000,E,12.773560, 123605.0,141217,0.000000,49,210031666
1:25:25.805283,N,103:44:59.917603,E,13.026733, 123606.0,141217,0.000000,52,210031666
1:25:26.291513,N,103:44:59.835205,E,12.823120, 123607.0,141217,0.000000,53,210031666
1:25:26.785898,N,103:44:59.752808,E,12.826965, 123608.0,141217,0.000000,53,210031666
1:25:27.277708,N,103:44:59.670410,E,12.899231, 123609.0,141217,0.000000,53,210031666
1:25:27.766085,N,103:44:59.588013,E,12.651672, 123610.0,141217,0.000000,52,210031666
1:25:28.241158,N,103:44:59.505615,E,12.561157, 123611.0,141217,0.000000,52,210031666
1:25:28.708506,N,103:44:59.423218,E,12.507751, 123612.0,141217,0.000000,51,210031666
1:25:29.172421,N,103:44:59.340820,E,12.418640, 123613.0,141217,0.000000,51,210031666
1:25:29.634619,N,103:44:59.258423,E,12.608215, 123614.0,141217,0.000000,51,210031666
1:25:30.110979,N,103:44:59.148560,E,11.908997, 123615.0,141217,0.000000,51,210031666
1:25:30.654287,N,103:44:59.066162,E,12.437988, 123616.0,141217,0.000000,52,210031666
1:25:31.008768,N,103:44:58.956299,E,12.249146, 123617.0,141217,0.000000,50,210031666
1:25:31.471395,N,103:44:58.736572,E,11.793030, 123618.0,141217,0.000000,51,210031666
1:25:31.907845,N,103:44:58.516846,E,11.675659, 123619.0,141217,0.000000,51,210031666
1:25:32.299232,N,103:44:58.242188,E,11.399048, 123620.0,141217,0.000000,51,210031666
1:25:32.679031,N,103:44:57.940063,E,11.207031, 123621.0,141217,0.000000,53,210031666
1:25:33.072998,N,103:44:57.610474,E,11.359375, 123622.0,141217,0.000000,54,210031666
1:25:33.451508,N,103:44:57.253418,E,11.368591, 123623.0,141217,0.000000,56,210031666
1:25:33.849335,N,103:44:56.841431,E,11.497375, 123624.0,141217,0.000000,57,210031666
1:25:34.208107,N,103:44:56.511841,E,11.375305, 123625.0,141217,0.000000,55,210031666
1:25:34.559155,N,103:44:56.182251,E,11.235046, 123626.0,141217,0.000000,52,210031666
1:25:34.896042,N,103:44:55.852661,E,11.008850, 123627.0,141217,0.000000,50,210031666
1:25:35.205460,N,103:44:55.550537,E,10.802734, 123628.0,141217,0.000000,49,210031666
1:25:35.520027,N,103:44:55.275879,E,10.643677, 123629.0,141217,0.000000,47,210031666
1:25:35.799408,N,103:44:55.001221,E,11.146790, 123630.0,141217,0.000000,44,210031666
1:25:36.056042,N,103:44:54.754028,E,11.819519, 123631.0,141217,0.000000,40,210031666
1:25:36.263752,N,103:44:54.534302,E,12.023010, 123632.0,141217,0.000000,35,210031666
1:25:36.453865,N,103:44:54.342041,E,11.790527, 123633.0,141217,0.000000,33,210031666
1:25:36.634972,N,103:44:54.149780,E,11.499146, 123634.0,141217,0.000000,32,210031666
1:25:36.810921,N,103:44:53.957520,E,8.141846, 123635.0,141217,0.000000,29,210031666
1:25:36.966705,N,103:44:53.820190,E,11.891479, 123636.0,141217,0.000000,26,210031666
1:25:37.113907,N,103:44:53.655396,E,12.211426, 123637.0,141217,0.000000,23,210031666
1:25:37.243507,N,103:44:53.490601,E,12.116821, 123638.0,141217,0.000000,22,210031666
1:25:37.336636,N,103:44:53.380737,E,12.182312, 123639.0,141217,0.000000,18,210031666
1:25:37.427185,N,103:44:53.215942,E,12.140625, 123640.0,141217,0.000000,18,210031666
1:25:37.494133,N,103:44:53.106079,E,10.188904, 123641.0,141217,0.000000,15,210031666
1:25:37.549496,N,103:44:52.996216,E,12.253784, 123642.0,141217,0.000000,14,210031666
1:25:37.588547,N,103:44:52.941284,E,12.270325, 123643.0,141217,0.000000,11,210031666
1:25:37.620735,N,103:44:52.886353,E,12.222839, 123644.0,141217,0.000000,8,210031666
1:25:37.646912,N,103:44:52.831421,E,12.844177, 123645.0,141217,0.000000,0,210031666
1:25:37.651207,N,103:44:52.803955,E,13.258423, 123646.0,141217,0.000000,0,210031666
1:25:37.650345,N,103:44:52.831421,E,13.076599, 123647.0,141217,0.000000,0,210031666
1:25:37.651634,N,103:44:52.803955,E,12.915527, 123648.0,141217,0.000000,0,210031666
1:25:37.652924,N,103:44:52.803955,E,12.671570, 123649.0,141217,0.000000,0,210031666
1:25:37.654209,N,103:44:52.803955,E,12.934265, 123650.0,141217,0.000000,0,210031666
1:25:37.661934,N,103:44:52.803955,E,13.302246, 123651.0,141217,0.000000,0,210031666
1:25:37.682106,N,103:44:52.749023,E,13.151794, 123652.0,141217,0.000000,0,-10
1:25:37.716007,N,103:44:52.694092,E,13.074585, 123653.0,141217,0.000000,5,-10
1:25:37.753342,N,103:44:52.611694,E,13.042175, 123654.0,141217,0.000000,6,210031666
1:25:37.773514,N,103:44:52.584229,E,13.273926, 123655.0,141217,0.000000,0,210031666
1:25:37.806129,N,103:44:52.529297,E,13.321472, 123656.0,141217,0.000000,0,-10
1:25:37.816856,N,103:44:52.501831,E,13.131836, 123657.0,141217,0.000000,0,210031666
1:25:37.831020,N,103:44:52.474365,E,13.065186, 123658.0,141217,0.000000,0,210031666
1:25:37.845184,N,103:44:52.446899,E,13.146729, 123659.0,141217,0.000000,0,210031666
1:25:37.863205,N,103:44:52.419434,E,13.276733, 123700.0,141217,0.000000,0,210031666
1:25:37.873936,N,103:44:52.391968,E,12.634399, 123701.0,141217,0.000000,0,210031666
1:25:37.880371,N,103:44:52.364502,E,13.437744, 123702.0,141217,0.000000,0,210031666
1:25:37.882519,N,103:44:52.364502,E,13.428894, 123703.0,141217,0.000000,0,210031666
1:25:37.884235,N,103:44:52.364502,E,13.495178, 123704.0,141217,0.000000,0,210031666
1:25:37.884666,N,103:44:52.364502,E,13.477783, 123705.0,141217,0.000000,0,210031666
1:25:37.881660,N,103:44:52.364502,E,13.575378, 123706.0,141217,0.000000,0,210031666
1:25:37.880802,N,103:44:52.364502,E,13.550232, 123707.0,141217,0.000000,0,210031666
1:25:37.881233,N,103:44:52.364502,E,14.222229, 123708.0,141217,0.000000,0,210031666
1:25:37.880371,N,103:44:52.364502,E,13.741760, 123709.0,141217,0.000000,0,210031666
1:25:37.879086,N,103:44:52.364502,E,13.725708, 123710.0,141217,0.000000,0,210031666
1:25:37.878654,N,103:44:52.364502,E,13.683167, 123711.0,141217,0.000000,0,210031666
1:25:37.881233,N,103:44:52.364502,E,13.701599, 123712.0,141217,0.000000,0,210031666
1:25:37.879517,N,103:44:52.364502,E,13.681946, 123713.0,141217,0.000000,0,210031666
1:25:37.880802,N,103:44:52.364502,E,14.223145, 123714.0,141217,0.000000,0,210031666
1:25:37.893250,N,103:44:52.337036,E,13.823425, 123715.0,141217,0.000000,0,210031666
1:25:37.917282,N,103:44:52.309570,E,13.886230, 123716.0,141217,0.000000,0,210031666
1:25:37.943459,N,103:44:52.254639,E,13.742188, 123717.0,141217,0.000000,0,210031666
1:25:37.966202,N,103:44:52.199707,E,13.673889, 123718.0,141217,0.000000,4,-10
1:25:38.001823,N,103:44:52.117310,E,13.358032, 123719.0,141217,0.000000,5,-10
1:25:38.034439,N,103:44:52.034912,E,13.666199, 123720.0,141217,0.000000,6,210031666
1:25:38.073921,N,103:44:51.952515,E,13.569336, 123721.0,141217,0.000000,7,210031666
1:25:38.088943,N,103:44:51.925049,E,13.324097, 123722.0,141217,0.000000,3,210031666
1:25:38.140442,N,103:44:51.787720,E,13.405701, 123723.0,141217,0.000000,6,-10
1:25:38.176918,N,103:44:51.677856,E,13.356567, 123724.0,141217,0.000000,7,-10
1:25:38.198376,N,103:44:51.622925,E,13.047546, 123725.0,141217,0.000000,5,210031666
1:25:38.215973,N,103:44:51.567993,E,13.071838, 123726.0,141217,0.000000,0,210031666
1:25:38.225842,N,103:44:51.540527,E,13.211426, 123727.0,141217,0.000000,0,210031666
1:25:38.233566,N,103:44:51.540527,E,13.373474, 123728.0,141217,0.000000,0,210031666
1:25:38.235710,N,103:44:51.513062,E,13.161377, 123729.0,141217,0.000000,0,210031666
1:25:38.233994,N,103:44:51.540527,E,13.339172, 123730.0,141217,0.000000,0,210031666
1:25:38.234856,N,103:44:51.540527,E,13.429688, 123731.0,141217,0.000000,0,210031666
1:25:38.234425,N,103:44:51.540527,E,13.472534, 123732.0,141217,0.000000,0,210031666
1:25:38.233566,N,103:44:51.540527,E,13.243286, 123733.0,141217,0.000000,0,210031666
1:25:38.236141,N,103:44:51.513062,E,13.538269, 123734.0,141217,0.000000,0,210031666
1:25:38.232277,N,103:44:51.540527,E,13.519531, 123735.0,141217,0.000000,0,210031666
1:25:38.231850,N,103:44:51.540527,E,12.201294, 123736.0,141217,0.000000,0,210031666
1:25:38.237858,N,103:44:51.513062,E,11.966492, 123737.0,141217,0.000000,0,210031666
1:25:38.234856,N,103:44:51.540527,E,12.016113, 123738.0,141217,0.000000,0,210031666
1:25:38.235710,N,103:44:51.513062,E,12.106140, 123739.0,141217,0.000000,0,210031666
1:25:38.234425,N,103:44:51.540527,E,12.034119, 123740.0,141217,0.000000,0,210031666
1:25:38.233566,N,103:44:51.540527,E,11.982361, 123741.0,141217,0.000000,0,210031666
1:25:38.234425,N,103:44:51.540527,E,11.684631, 123742.0,141217,0.000000,0,210031666
1:25:38.235283,N,103:44:51.540527,E,11.425415, 123743.0,141217,0.000000,0,210031666
1:25:38.234425,N,103:44:51.540527,E,11.372620, 123744.0,141217,0.000000,0,210031666
1:25:38.235710,N,103:44:51.513062,E,11.040100, 123745.0,141217,0.000000,0,210031666
1:25:38.234425,N,103:44:51.540527,E,11.041199, 123746.0,141217,0.000000,0,210031666
1:25:38.234856,N,103:44:51.540527,E,10.956604, 123747.0,141217,0.000000,0,210031666
1:25:38.233994,N,103:44:51.540527,E,10.690186, 123748.0,141217,0.000000,0,210031666
1:25:38.234856,N,103:44:51.540527,E,10.673462, 123749.0,141217,0.000000,0,210031666
1:25:38.233139,N,103:44:51.540527,E,8.187744, 123750.0,141217,0.000000,0,210031666
1:25:38.243866,N,103:44:51.513062,E,10.580444, 123751.0,141217,0.000000,0,210031666
1:25:38.258026,N,103:44:51.458130,E,10.545898, 123752.0,141217,0.000000,0,-10
1:25:38.278198,N,103:44:51.403198,E,10.316406, 123753.0,141217,0.000000,3,210031666
1:25:38.301373,N,103:44:51.348267,E,10.265381, 123754.0,141217,0.000000,3,210031666
1:25:38.319824,N,103:44:51.293335,E,10.157715, 123755.0,141217,0.000000,0,-10
1:25:38.335705,N,103:44:51.238403,E,9.959717, 123756.0,141217,0.000000,0,210031666
1:25:38.346436,N,103:44:51.210938,E,10.173645, 123757.0,141217,0.000000,0,210031666
1:25:38.355019,N,103:44:51.183472,E,10.124817, 123758.0,141217,0.000000,0,210031666
1:25:38.374756,N,103:44:51.128540,E,10.134399, 123759.0,141217,0.000000,0,210031666
1:25:38.399651,N,103:44:51.046143,E,10.477478, 123800.0,141217,0.000000,5,-10
1:25:38.436127,N,103:44:50.936279,E,10.012878, 123801.0,141217,0.000000,9,210031666
1:25:38.488483,N,103:44:50.798950,E,10.075989, 123802.0,141217,0.000000,13,210031666
1:25:38.548134,N,103:44:50.606689,E,9.896790, 123803.0,141217,0.000000,17,210031666
1:25:38.562298,N,103:44:50.551758,E,9.845215, 123804.0,141217,0.000000,11,210031666
1:25:38.698341,N,103:44:50.359497,E,10.031433, 123805.0,141217,0.000000,14,210031666
1:25:38.924934,N,103:44:50.386963,E,9.657104, 123806.0,141217,0.000000,19,210014910
1:25:39.184143,N,103:44:50.414429,E,8.826477, 123807.0,141217,0.000000,23,210014910
1:25:39.478539,N,103:44:50.469360,E,8.378052, 123808.0,141217,0.000000,27,210014910
1:25:39.764786,N,103:44:50.496826,E,8.899902, 123809.0,141217,0.000000,30,210014910
1:25:40.101242,N,103:44:50.524292,E,8.960815, 123810.0,141217,0.000000,32,210014910
1:25:40.503357,N,103:44:50.551758,E,8.445984, 123811.0,141217,0.000000,37,210014910
1:25:40.914917,N,103:44:50.551758,E,8.080200, 123812.0,141217,0.000000,39,210014910
1:25:41.329048,N,103:44:50.496826,E,7.701233, 123813.0,141217,0.000000,41,210014910
1:25:41.718719,N,103:44:50.469360,E,7.543182, 123814.0,141217,0.000000,41,210014910
1:25:42.076206,N,103:44:50.414429,E,7.704193, 123815.0,141217,0.000000,40,210014910
1:25:42.418243,N,103:44:50.332031,E,7.754272, 123816.0,141217,0.000000,35,210014910
1:25:42.720367,N,103:44:50.249634,E,7.748322, 123817.0,141217,0.000000,33,210014910
1:25:42.950394,N,103:44:50.194702,E,8.388977, 123818.0,141217,0.000000,28,210014910
1:25:43.109608,N,103:44:50.167236,E,8.427368, 123819.0,141217,0.000000,22,210014910
1:25:43.200588,N,103:44:50.167236,E,8.466858, 123820.0,141217,0.000000,3,210014910
1:25:43.218613,N,103:44:50.167236,E,9.278992, 123821.0,141217,0.000000,0,210014910
1:25:43.232773,N,103:44:50.167236,E,8.681396, 123822.0,141217,0.000000,0,210014910
1:25:43.252945,N,103:44:50.167236,E,8.776855, 123823.0,141217,0.000000,0,210014910
1:25:43.256805,N,103:44:50.222168,E,6.776306, 123824.0,141217,0.000000,0,210014910
1:25:43.256378,N,103:44:50.222168,E,9.553345, 123825.0,141217,0.000000,0,210014910
1:25:43.263672,N,103:44:50.222168,E,9.727661, 123826.0,141217,0.000000,0,210014910
1:25:43.257668,N,103:44:50.222168,E,9.707092, 123827.0,141217,0.000000,0,210014910
1:25:43.241787,N,103:44:50.222168,E,9.571716, 123828.0,141217,0.000000,0,210014910
1:25:43.257668,N,103:44:50.222168,E,9.197144, 123829.0,141217,0.000000,0,210014910
1:25:43.253803,N,103:44:50.222168,E,9.011597, 123830.0,141217,0.000000,0,210014910
1:25:43.300583,N,103:44:50.167236,E,8.589966, 123831.0,141217,0.000000,0,-10
1:25:43.344353,N,103:44:50.194702,E,8.130676, 123832.0,141217,0.000000,4,-10
1:25:43.342636,N,103:44:50.249634,E,8.267822, 123833.0,141217,0.000000,5,210014910
1:25:43.555496,N,103:44:50.359497,E,8.868652, 123834.0,141217,0.000000,10,210014910
1:25:43.564510,N,103:44:50.469360,E,8.953125, 123835.0,141217,0.000000,15,210031714
1:25:43.554211,N,103:44:50.853882,E,9.419067, 123836.0,141217,0.000000,23,210031714
1:25:43.599701,N,103:44:51.156006,E,8.393738, 123837.0,141217,0.000000,28,210031714
1:25:43.644333,N,103:44:51.458130,E,8.255127, 123838.0,141217,0.000000,29,210031714
1:25:43.693256,N,103:44:51.787720,E,8.412048, 123839.0,141217,0.000000,30,210031714
1:25:43.742607,N,103:44:52.117310,E,7.970276, 123840.0,141217,0.000000,32,210031714
1:25:43.784237,N,103:44:52.391968,E,7.940948, 123841.0,141217,0.000000,30,210031714
1:25:43.822861,N,103:44:52.666626,E,7.711212, 123842.0,141217,0.000000,28,210031714
1:25:43.856335,N,103:44:52.886353,E,8.201904, 123843.0,141217,0.000000,23,210031714
1:25:43.879936,N,103:44:53.023682,E,8.190735, 123844.0,141217,0.000000,21,210031714
1:25:43.770504,N,103:44:53.243408,E,8.924438, 123845.0,141217,0.000000,21,210031714
1:25:43.550346,N,103:44:53.298340,E,8.426819, 123846.0,141217,0.000000,23,210107279
1:25:43.310452,N,103:44:53.353271,E,8.346497, 123847.0,141217,0.000000,27,210107279
1:25:43.020775,N,103:44:53.408203,E,8.198303, 123848.0,141217,0.000000,29,210107279
1:25:42.708351,N,103:44:53.490601,E,8.137268, 123849.0,141217,0.000000,33,210107279
1:25:42.373611,N,103:44:53.545532,E,8.011536, 123850.0,141217,0.000000,34,210107279
1:25:42.010975,N,103:44:53.627930,E,8.227112, 123851.0,141217,0.000000,37,210107279
1:25:41.679668,N,103:44:53.710327,E,8.202637, 123852.0,141217,0.000000,37,210107279
1:25:41.344498,N,103:44:53.792725,E,8.062988, 123853.0,141217,0.000000,36,210107279
1:25:41.021347,N,103:44:53.847656,E,8.453064, 123854.0,141217,0.000000,34,210107279
1:25:40.764713,N,103:44:53.930054,E,9.368835, 123855.0,141217,0.000000,31,210107279
1:25:40.505936,N,103:44:54.039917,E,7.709595, 123856.0,141217,0.000000,29,210107279
1:25:40.296509,N,103:44:54.122314,E,8.973206, 123857.0,141217,0.000000,26,210107279
1:25:40.145447,N,103:44:54.232178,E,8.927673, 123858.0,141217,0.000000,24,210107279
1:25:39.997387,N,103:44:54.424438,E,8.864685, 123859.0,141217,0.000000,24,210107279
1:25:39.905548,N,103:44:54.644165,E,8.998596, 123900.0,141217,0.000000,24,210107279
1:25:39.905548,N,103:44:54.644165,E,8.992615, 123901.0,141217,0.000000,11,210107279
1:25:39.877224,N,103:44:55.083618,E,10.119141, 123902.0,141217,0.000000,18,-10
1:25:39.879799,N,103:44:55.111084,E,10.072021, 123903.0,141217,0.000000,11,210107279
1:25:39.896538,N,103:44:55.248413,E,10.578918, 123904.0,141217,0.000000,11,-10
1:25:39.917564,N,103:44:55.440674,E,10.810974, 123905.0,141217,0.000000,13,-10
1:25:39.936447,N,103:44:55.605469,E,10.946289, 123906.0,141217,0.000000,15,210107279
1:25:39.952755,N,103:44:55.742798,E,11.385620, 123907.0,141217,0.000000,12,210107279
1:25:39.962624,N,103:44:55.825195,E,11.349670, 123908.0,141217,0.000000,3,210107279
1:25:39.979362,N,103:44:55.989990,E,11.442566, 123909.0,141217,0.000000,6,210107279
1:25:39.985371,N,103:44:56.017456,E,11.762024, 123910.0,141217,0.000000,5,210107279
1:25:40.002968,N,103:44:56.154785,E,11.305603, 123911.0,141217,0.000000,9,-10
1:25:40.022705,N,103:44:56.292114,E,11.815979, 123912.0,141217,0.000000,11,-10
1:25:40.044167,N,103:44:56.429443,E,12.041016, 123913.0,141217,0.000000,14,210107279
1:25:40.074203,N,103:44:56.649170,E,12.628235, 123914.0,141217,0.000000,18,210107279
1:25:40.105103,N,103:44:56.868896,E,12.255005, 123915.0,141217,0.000000,19,210107279
1:25:40.137291,N,103:44:57.088623,E,12.174805, 123916.0,141217,0.000000,20,210107279
1:25:40.174629,N,103:44:57.308350,E,12.697205, 123917.0,141217,0.000000,21,210107279
1:25:40.210247,N,103:44:57.500610,E,13.045349, 123918.0,141217,0.000000,19,210107279
1:25:40.237282,N,103:44:57.637939,E,13.541809, 123919.0,141217,0.000000,16,210107279
1:25:40.265179,N,103:44:57.802734,E,13.055115, 123920.0,141217,0.000000,15,210107279
1:25:40.280197,N,103:44:57.885132,E,12.452087, 123921.0,141217,0.000000,11,210107279
1:25:40.287495,N,103:44:57.912598,E,12.600281, 123922.0,141217,0.000000,0,210107279
1:25:40.737679,N,103:44:57.857666,E,12.570984, 123923.0,141217,0.000000,9,-10
1:25:40.803764,N,103:44:57.830200,E,12.766968, 123924.0,141217,0.000000,10,-10
1:25:40.861702,N,103:44:57.830200,E,13.419739, 123925.0,141217,0.000000,0,210107279
1:25:40.897324,N,103:44:57.802734,E,13.458984, 123926.0,141217,0.000000,0,210107279
1:25:40.950539,N,103:44:57.830200,E,12.996399, 123927.0,141217,0.000000,0,210107279
1:25:40.988304,N,103:44:57.857666,E,11.152710, 123928.0,141217,0.000000,0,210107279
1:25:41.018341,N,103:44:57.885132,E,13.400940, 123929.0,141217,0.000000,0,210107279
1:25:41.039803,N,103:44:57.912598,E,13.455322, 123930.0,141217,0.000000,0,210107279
1:25:41.056538,N,103:44:57.967529,E,13.578369, 123931.0,141217,0.000000,0,210107279
1:25:41.067268,N,103:44:58.022461,E,13.640259, 123932.0,141217,0.000000,0,210107279
1:25:41.074989,N,103:44:58.049927,E,13.967957, 123933.0,141217,0.000000,0,210107279
1:25:41.077995,N,103:44:58.104858,E,14.335388, 123934.0,141217,0.000000,0,210107279
1:25:41.089153,N,103:44:58.159790,E,14.583557, 123935.0,141217,0.000000,0,210107279
1:25:41.113617,N,103:44:58.187256,E,15.085449, 123936.0,141217,0.000000,0,210107279
1:25:41.110184,N,103:44:58.214722,E,15.691895, 123937.0,141217,0.000000,0,210107279
1:25:41.116619,N,103:44:58.214722,E,16.204163, 123938.0,141217,0.000000,0,210107279
1:25:41.109322,N,103:44:58.214722,E,16.332825, 123939.0,141217,0.000000,0,210107279
1:25:41.095161,N,103:44:58.214722,E,16.562988, 123940.0,141217,0.000000,0,210107279
1:25:41.096878,N,103:44:58.242188,E,16.770813, 123941.0,141217,0.000000,0,210107279
1:25:41.077995,N,103:44:58.242188,E,16.709045, 123942.0,141217,0.000000,0,210107279
1:25:41.053104,N,103:44:58.214722,E,16.683533, 123943.0,141217,0.000000,0,210107279
1:25:41.039803,N,103:44:58.242188,E,16.703796, 123944.0,141217,0.000000,0,210107279
1:25:41.015770,N,103:44:58.242188,E,16.916809, 123945.0,141217,0.000000,0,210107279
1:25:41.008041,N,103:44:58.242188,E,17.527161, 123946.0,141217,0.000000,0,210107279
1:25:41.008041,N,103:44:58.242188,E,17.679993, 123947.0,141217,0.000000,0,210107279
1:25:40.987442,N,103:44:58.269653,E,17.727722, 123948.0,141217,0.000000,0,210107279
1:25:40.994308,N,103:44:58.297119,E,18.656860, 123949.0,141217,0.000000,0,210107279
1:25:40.994308,N,103:44:58.297119,E,18.397156, 123950.0,141217,0.000000,0,210107279
1:25:41.020058,N,103:44:58.297119,E,19.211243, 123951.0,141217,0.000000,0,210107279
1:25:41.017487,N,103:44:58.297119,E,19.850037, 123952.0,141217,0.000000,0,210107279
1:25:41.009758,N,103:44:58.324585,E,20.483826, 123953.0,141217,0.000000,0,210107279
1:25:40.999031,N,103:44:58.324585,E,20.458008, 123954.0,141217,0.000000,0,210107279
1:25:40.993454,N,103:44:58.324585,E,20.048035, 123955.0,141217,0.000000,0,210107279
1:25:40.978004,N,103:44:58.324585,E,20.923584, 123956.0,141217,0.000000,0,210107279
1:25:40.978004,N,103:44:58.324585,E,18.347900, 123957.0,141217,0.000000,0,210107279
1:25:40.978004,N,103:44:58.324585,E,17.553101, 123958.0,141217,0.000000,0,210107279
1:25:40.997314,N,103:44:58.324585,E,17.246033, 123959.0,141217,0.000000,0,210107279
1:25:40.997314,N,103:44:58.324585,E,17.319214, 124000.0,141217,0.000000,0,210107279
1:25:40.981865,N,103:44:58.324585,E,17.378723, 124001.0,141217,0.000000,0,210107279
1:25:40.981865,N,103:44:58.324585,E,17.087524, 124002.0,141217,0.000000,0,210107279
1:25:40.981865,N,103:44:58.324585,E,16.993286, 124003.0,141217,0.000000,0,210107279
1:25:40.981865,N,103:44:58.324585,E,16.648254, 124004.0,141217,0.000000,0,210107279
1:25:40.981865,N,103:44:58.324585,E,16.669495, 124005.0,141217,0.000000,0,210107279
1:25:40.981865,N,103:44:58.324585,E,16.608521, 124006.0,141217,0.000000,0,210107279
1:25:40.981865,N,103:44:58.324585,E,16.633972, 124007.0,141217,0.000000,0,210107279
1:25:40.981865,N,103:44:58.324585,E,16.537903, 124008.0,141217,0.000000,0,210107279
1:25:40.981865,N,103:44:58.324585,E,16.581299, 124009.0,141217,0.000000,0,210107279
1:25:40.981865,N,103:44:58.324585,E,16.316711, 124010.0,141217,0.000000,0,210107279
1:25:40.981865,N,103:44:58.324585,E,16.243896, 124011.0,141217,0.000000,0,210107279
1:25:40.993023,N,103:44:58.352051,E,15.659973, 124012.0,141217,0.000000,0,210107279
1:25:41.068554,N,103:44:58.434448,E,11.928162, 124013.0,141217,0.000000,5,-10
1:25:41.068554,N,103:44:58.434448,E,13.058289, 124014.0,141217,0.000000,0,210107279
1:25:41.068554,N,103:44:58.434448,E,13.658203, 124015.0,141217,0.000000,0,210107279
1:25:41.040230,N,103:44:58.516846,E,13.153625, 124016.0,141217,0.000000,0,-10
1:25:41.038086,N,103:44:58.544312,E,13.647583, 124017.0,141217,0.000000,0,210107279
1:25:41.021347,N,103:44:58.571777,E,14.441528, 124018.0,141217,0.000000,0,210107279
1:25:41.021347,N,103:44:58.571777,E,14.481995, 124019.0,141217,0.000000,0,210107279
1:25:40.994308,N,103:44:58.626709,E,15.720947, 124020.0,141217,0.000000,0,210107279
1:25:40.994308,N,103:44:58.626709,E,15.548096, 124021.0,141217,0.000000,0,210107279
1:25:40.985725,N,103:44:58.654175,E,15.047241, 124022.0,141217,0.000000,0,210107279
1:25:41.001175,N,103:44:58.654175,E,14.296082, 124023.0,141217,0.000000,0,210107279
1:25:41.001175,N,103:44:58.654175,E,16.733582, 124024.0,141217,0.000000,0,210107279
1:25:41.012764,N,103:44:58.654175,E,15.191895, 124025.0,141217,0.000000,0,210107279
1:25:41.020920,N,103:44:58.626709,E,14.780457, 124026.0,141217,0.000000,0,210107279
1:25:41.020920,N,103:44:58.626709,E,15.833435, 124027.0,141217,0.000000,0,210107279
1:25:41.043236,N,103:44:58.626709,E,15.176086, 124028.0,141217,0.000000,0,210107279
1:25:41.055679,N,103:44:58.599243,E,14.962402, 124029.0,141217,0.000000,0,210107279
1:25:41.055679,N,103:44:58.599243,E,14.511658, 124030.0,141217,0.000000,0,210107279
1:25:41.085720,N,103:44:58.599243,E,14.615417, 124031.0,141217,0.000000,0,210107279
1:25:41.085289,N,103:44:58.571777,E,14.848999, 124032.0,141217,0.000000,0,210107279
1:25:41.085289,N,103:44:58.571777,E,14.773743, 124033.0,141217,0.000000,0,210107279
1:25:41.088295,N,103:44:58.544312,E,14.924927, 124034.0,141217,0.000000,0,210107279
1:25:41.088295,N,103:44:58.544312,E,15.574158, 124035.0,141217,0.000000,0,210107279
1:25:41.103317,N,103:44:58.516846,E,14.190430, 124036.0,141217,0.000000,0,210107279
1:25:41.111900,N,103:44:58.489380,E,13.424072, 124037.0,141217,0.000000,0,210107279
1:25:41.114902,N,103:44:58.461914,E,13.331970, 124038.0,141217,0.000000,0,210107279
1:25:41.114902,N,103:44:58.461914,E,13.157410, 124039.0,141217,0.000000,0,210107279
1:25:41.114902,N,103:44:58.461914,E,13.140869, 124040.0,141217,0.000000,0,210107279
1:25:41.114902,N,103:44:58.461914,E,14.395813, 124041.0,141217,0.000000,0,210107279
1:25:41.114902,N,103:44:58.461914,E,14.201111, 124042.0,141217,0.000000,0,210107279
1:25:41.114902,N,103:44:58.461914,E,15.815979, 124043.0,141217,0.000000,0,210107279
1:25:41.114902,N,103:44:58.461914,E,15.696716, 124044.0,141217,0.000000,0,210107279
1:25:41.084435,N,103:44:58.516846,E,16.208496, 124045.0,141217,0.000000,0,210107279
1:25:41.084435,N,103:44:58.516846,E,16.468262, 124046.0,141217,0.000000,0,210107279
1:25:41.084435,N,103:44:58.516846,E,16.185059, 124047.0,141217,0.000000,0,210107279
1:25:41.084435,N,103:44:58.516846,E,16.097778, 124048.0,141217,0.000000,0,210107279
1:25:41.084435,N,103:44:58.516846,E,16.044189, 124049.0,141217,0.000000,0,210107279
1:25:41.084435,N,103:44:58.516846,E,16.067749, 124050.0,141217,0.000000,0,210107279
1:25:41.116619,N,103:44:58.571777,E,15.554810, 124051.0,141217,0.000000,0,-10
1:25:41.129921,N,103:44:58.599243,E,15.353210, 124052.0,141217,0.000000,0,210107279
1:25:41.129921,N,103:44:58.599243,E,16.631348, 124053.0,141217,0.000000,0,210107279
1:25:41.146660,N,103:44:58.571777,E,15.816956, 124054.0,141217,0.000000,0,210107279
1:25:41.144943,N,103:44:58.544312,E,16.037476, 124055.0,141217,0.000000,0,210107279
1:25:41.143227,N,103:44:58.516846,E,15.962708, 124056.0,141217,0.000000,0,210107279
1:25:41.143227,N,103:44:58.516846,E,16.063660, 124057.0,141217,0.000000,0,210107279
1:25:41.152237,N,103:44:58.489380,E,14.957336, 124058.0,141217,0.000000,0,210107279
1:25:41.165115,N,103:44:58.489380,E,14.686951, 124059.0,141217,0.000000,0,210107279
1:25:41.156532,N,103:44:58.489380,E,14.756592, 124100.0,141217,0.000000,0,210107279
1:25:41.131638,N,103:44:58.461914,E,14.815063, 124101.0,141217,0.000000,0,210107279
1:25:41.125202,N,103:44:58.461914,E,14.830750, 124102.0,141217,0.000000,0,210107279
1:25:41.145370,N,103:44:58.434448,E,14.502380, 124103.0,141217,0.000000,0,210107279
1:25:41.154816,N,103:44:58.434448,E,13.961670, 124104.0,141217,0.000000,0,210107279
1:25:41.138504,N,103:44:58.461914,E,14.367249, 124105.0,141217,0.000000,0,210107279
1:25:41.085289,N,103:44:58.516846,E,14.836609, 124106.0,141217,0.000000,0,-10
1:25:41.033363,N,103:44:58.571777,E,15.181763, 124107.0,141217,0.000000,4,-10
1:25:40.995598,N,103:44:58.626709,E,15.850037, 124108.0,141217,0.000000,4,210107279
1:25:40.980576,N,103:44:58.681641,E,15.617126, 124109.0,141217,0.000000,0,210107279
1:25:40.961693,N,103:44:58.736572,E,15.640259, 124110.0,141217,0.000000,0,210107279
1:25:40.940239,N,103:44:58.764038,E,16.090637, 124111.0,141217,0.000000,0,210107279
1:25:40.940239,N,103:44:58.764038,E,16.314087, 124112.0,141217,0.000000,0,210107279
1:25:40.917061,N,103:44:58.791504,E,16.443237, 124113.0,141217,0.000000,0,210107279
1:25:40.910625,N,103:44:58.791504,E,17.135498, 124114.0,141217,0.000000,0,210107279
1:25:40.912342,N,103:44:58.818970,E,17.966858, 124115.0,141217,0.000000,0,210107279
1:25:40.908909,N,103:44:58.764038,E,17.714722, 124116.0,141217,0.000000,0,210107279
1:25:40.901611,N,103:44:58.709106,E,17.175415, 124117.0,141217,0.000000,0,210107279
1:25:40.911484,N,103:44:58.681641,E,16.385254, 124118.0,141217,0.000000,0,210107279
1:25:40.923500,N,103:44:58.654175,E,17.149719, 124119.0,141217,0.000000,0,210107279
1:25:40.914059,N,103:44:58.626709,E,16.703247, 124120.0,141217,0.000000,0,210107279
1:25:40.901611,N,103:44:58.599243,E,16.838745, 124121.0,141217,0.000000,0,210107279
1:25:40.899040,N,103:44:58.571777,E,16.882996, 124122.0,141217,0.000000,0,210107279
1:25:40.906761,N,103:44:58.544312,E,16.668396, 124123.0,141217,0.000000,0,210107279
1:25:40.918350,N,103:44:58.544312,E,16.642944, 124124.0,141217,0.000000,0,210107279
1:25:40.922211,N,103:44:58.544312,E,16.600342, 124125.0,141217,0.000000,0,210107279
1:25:40.923500,N,103:44:58.571777,E,16.445007, 124126.0,141217,0.000000,0,210107279
1:25:40.920494,N,103:44:58.599243,E,16.479858, 124127.0,141217,0.000000,0,210107279
1:25:40.914917,N,103:44:58.626709,E,16.587952, 124128.0,141217,0.000000,0,210107279
1:25:40.910194,N,103:44:58.654175,E,16.367065, 124129.0,141217,0.000000,0,210107279
1:25:40.909340,N,103:44:58.654175,E,16.259033, 124130.0,141217,0.000000,0,210107279
1:25:40.913628,N,103:44:58.654175,E,15.684631, 124131.0,141217,0.000000,0,210107279
1:25:40.918350,N,103:44:58.626709,E,16.128052, 124132.0,141217,0.000000,0,210107279
1:25:40.908478,N,103:44:58.599243,E,16.246887, 124133.0,141217,0.000000,0,210107279
1:25:40.893890,N,103:44:58.544312,E,16.454468, 124134.0,141217,0.000000,0,210107279
1:25:40.855263,N,103:44:58.489380,E,16.455139, 124135.0,141217,0.000000,0,-10
1:25:40.823936,N,103:44:58.461914,E,16.524719, 124136.0,141217,0.000000,0,210107279
1:25:40.810631,N,103:44:58.461914,E,16.586487, 124137.0,141217,0.000000,0,210107279
1:25:40.826511,N,103:44:58.434448,E,16.559448, 124138.0,141217,0.000000,0,210107279
1:25:40.863846,N,103:44:58.434448,E,16.526611, 124139.0,141217,0.000000,0,210107279
