1:19:48.606979,N,103:53:15.098877,E,111.663879, 210819.0,141217,0.000000,44,210153272
1:19:48.889359,N,103:53:15.730591,E,-89.215767, 210820.0,141217,0.000000,43,210153272
1:19:48.924980,N,103:53:15.840454,E,-95.813263, 210821.0,141217,0.000000,30,-10
1:19:48.909531,N,103:53:15.812988,E,-95.201485, 210822.0,141217,0.000000,0,-10
1:19:48.856743,N,103:53:15.812988,E,-94.613815, 210823.0,141217,0.000000,0,-10
1:19:48.822411,N,103:53:15.812988,E,-91.601990, 210824.0,141217,0.000000,0,-10
1:19:48.784218,N,103:53:15.812988,E,-90.927727, 210825.0,141217,0.000000,0,-10
1:19:48.754177,N,103:53:15.812988,E,-89.921143, 210826.0,141217,0.000000,0,-10
1:19:48.727142,N,103:53:15.840454,E,-91.369263, 210827.0,141217,0.000000,0,-10
1:19:48.716412,N,103:53:15.840454,E,-90.467155, 210828.0,141217,0.000000,0,-10
1:19:48.695812,N,103:53:15.840454,E,-88.315834, 210829.0,141217,0.000000,0,-10
1:19:48.670494,N,103:53:15.840454,E,-87.986946, 210830.0,141217,0.000000,0,-10
1:19:48.642597,N,103:53:15.867920,E,-87.591141, 210831.0,141217,0.000000,0,-10
1:19:48.635300,N,103:53:15.867920,E,-85.883217, 210832.0,141217,0.000000,0,-10
1:19:48.614273,N,103:53:15.867920,E,-84.404251, 210833.0,141217,0.000000,0,-10
1:19:48.604832,N,103:53:15.867920,E,-85.833138, 210834.0,141217,0.000000,0,-10
1:19:48.626289,N,103:53:15.867920,E,-84.608925, 210835.0,141217,0.000000,0,-10
1:19:48.626289,N,103:53:15.867920,E,-83.405212, 210836.0,141217,0.000000,0,-10
1:19:48.626289,N,103:53:15.867920,E,-80.926414, 210837.0,141217,0.000000,0,-10
1:19:48.626289,N,103:53:15.867920,E,-82.168968, 210838.0,141217,0.000000,0,-10
1:19:48.626289,N,103:53:15.867920,E,-82.106018, 210839.0,141217,0.000000,0,-10
1:19:48.626289,N,103:53:15.867920,E,-81.765129, 210840.0,141217,0.000000,0,-10
1:19:48.626289,N,103:53:15.867920,E,-81.317070, 210841.0,141217,0.000000,0,-10
1:19:48.626289,N,103:53:15.867920,E,-80.675201, 210842.0,141217,0.000000,0,-10
1:19:48.626289,N,103:53:15.867920,E,-80.230408, 210843.0,141217,0.000000,0,-10
1:19:48.626289,N,103:53:15.867920,E,-79.963478, 210844.0,141217,0.000000,0,-10
1:19:48.626289,N,103:53:15.867920,E,-79.765060, 210845.0,141217,0.000000,0,-10
1:19:48.626289,N,103:53:15.867920,E,-79.157318, 210846.0,141217,0.000000,0,-10
1:19:48.626289,N,103:53:15.867920,E,-78.610039, 210847.0,141217,0.000000,0,-10
1:19:48.626289,N,103:53:15.867920,E,-77.991814, 210848.0,141217,0.000000,0,-10
1:19:48.626289,N,103:53:15.867920,E,-77.695175, 210849.0,141217,0.000000,0,-10
1:19:48.626289,N,103:53:15.867920,E,-77.694565, 210850.0,141217,0.000000,0,-10
1:19:48.626289,N,103:53:15.867920,E,-77.692284, 210851.0,141217,0.000000,0,-10
1:19:48.626289,N,103:53:15.867920,E,-77.689011, 210852.0,141217,0.000000,0,-10
1:19:48.626289,N,103:53:15.867920,E,-77.684059, 210853.0,141217,0.000000,0,-10
1:19:48.626289,N,103:53:15.867920,E,-77.677048, 210854.0,141217,0.000000,0,-10
1:19:48.626289,N,103:53:15.867920,E,-77.669067, 210855.0,141217,0.000000,0,-10
1:19:48.626289,N,103:53:15.867920,E,-77.660942, 210856.0,141217,0.000000,0,-10
1:19:48.626289,N,103:53:15.867920,E,-77.652855, 210857.0,141217,0.000000,0,-10
1:19:48.626289,N,103:53:15.867920,E,-77.643921, 210858.0,141217,0.000000,0,-10
1:19:48.626289,N,103:53:15.867920,E,-77.634628, 210859.0,141217,0.000000,0,-10
1:19:48.626289,N,103:53:15.867920,E,-77.624634, 210900.0,141217,0.000000,0,-10
1:19:48.626289,N,103:53:15.867920,E,-77.613914, 210901.0,141217,0.000000,0,-10
1:19:48.626289,N,103:53:15.867920,E,-77.602951, 210902.0,141217,0.000000,0,-10
1:19:48.626289,N,103:53:15.867920,E,-77.590561, 210903.0,141217,0.000000,0,-10
1:19:48.626289,N,103:53:15.867920,E,-77.575920, 210904.0,141217,0.000000,0,-10
1:19:48.626289,N,103:53:15.867920,E,-77.560600, 210905.0,141217,0.000000,0,-10
1:19:48.626289,N,103:53:15.867920,E,-77.545593, 210906.0,141217,0.000000,0,-10
1:19:48.626289,N,103:53:15.867920,E,-77.530388, 210907.0,141217,0.000000,0,-10
1:19:48.626289,N,103:53:15.867920,E,-77.515060, 210908.0,141217,0.000000,0,-10
1:19:48.626289,N,103:53:15.867920,E,-77.362404, 210909.0,141217,0.000000,0,-10
1:19:48.626289,N,103:53:15.867920,E,-77.346436, 210910.0,141217,0.000000,0,-10
1:19:48.626289,N,103:53:15.867920,E,-77.329376, 210911.0,141217,0.000000,0,-10
1:19:48.626289,N,103:53:15.867920,E,-77.311005, 210912.0,141217,0.000000,0,-10
1:19:48.626289,N,103:53:15.867920,E,-77.291008, 210913.0,141217,0.000000,0,-10
1:19:48.626289,N,103:53:15.867920,E,-77.268196, 210914.0,141217,0.000000,0,-10
1:19:48.626289,N,103:53:15.867920,E,-77.244270, 210915.0,141217,0.000000,0,-10
1:19:48.626289,N,103:53:15.867920,E,-76.966499, 210916.0,141217,0.000000,0,-10
1:19:48.626289,N,103:53:15.867920,E,-76.937660, 210917.0,141217,0.000000,0,-10
1:19:48.626289,N,103:53:15.867920,E,-76.908524, 210918.0,141217,0.000000,0,-10
1:19:48.626289,N,103:53:15.867920,E,-76.879028, 210919.0,141217,0.000000,0,-10
1:19:48.626289,N,103:53:15.867920,E,-76.848526, 210920.0,141217,0.000000,0,-10
1:19:48.626289,N,103:53:15.867920,E,-76.817009, 210921.0,141217,0.000000,0,-10
1:19:48.626289,N,103:53:15.867920,E,-76.784355, 210922.0,141217,0.000000,0,-10
1:19:48.626289,N,103:53:15.867920,E,-76.750931, 210923.0,141217,0.000000,0,-10
1:19:48.626289,N,103:53:15.867920,E,-76.715431, 210924.0,141217,0.000000,0,-10
1:19:48.626289,N,103:53:15.867920,E,-76.679733, 210925.0,141217,0.000000,0,-10
1:19:48.626289,N,103:53:15.867920,E,-76.642838, 210926.0,141217,0.000000,0,-10
1:19:48.626289,N,103:53:15.867920,E,-76.604668, 210927.0,141217,0.000000,0,-10
1:19:48.626289,N,103:53:15.867920,E,-76.564148, 210928.0,141217,0.000000,0,-10
1:19:48.626289,N,103:53:15.867920,E,-76.521614, 210929.0,141217,0.000000,0,-10
1:19:48.626289,N,103:53:15.867920,E,-76.477592, 210930.0,141217,0.000000,0,-10
1:19:48.626289,N,103:53:15.867920,E,-76.431908, 210931.0,141217,0.000000,0,-10
1:19:48.626289,N,103:53:15.867920,E,-75.962822, 210932.0,141217,0.000000,0,-10
1:19:48.626289,N,103:53:15.867920,E,-75.913795, 210933.0,141217,0.000000,0,-10
1:19:48.626289,N,103:53:15.867920,E,-75.863007, 210934.0,141217,0.000000,0,-10
1:19:48.626289,N,103:53:15.867920,E,-75.810799, 210935.0,141217,0.000000,0,-10
1:19:48.626289,N,103:53:15.867920,E,-75.756424, 210936.0,141217,0.000000,0,-10
1:19:48.626289,N,103:53:15.867920,E,-75.699158, 210937.0,141217,0.000000,0,-10
1:19:48.626289,N,103:53:15.867920,E,-75.641350, 210938.0,141217,0.000000,0,-10
1:19:48.626289,N,103:53:15.867920,E,-75.582390, 210939.0,141217,0.000000,0,-10
1:19:48.626289,N,103:53:15.867920,E,-75.521492, 210940.0,141217,0.000000,0,-10
1:19:48.626289,N,103:53:15.867920,E,-75.455475, 210941.0,141217,0.000000,0,-10
1:19:48.626289,N,103:53:15.867920,E,-75.380135, 210942.0,141217,0.000000,0,-10
1:19:48.626289,N,103:53:15.867920,E,-75.300308, 210943.0,141217,0.000000,0,-10
1:19:48.626289,N,103:53:15.867920,E,-75.216621, 210944.0,141217,0.000000,0,-10
1:19:48.626289,N,103:53:15.867920,E,-75.126480, 210945.0,141217,0.000000,0,-10
1:19:48.626289,N,103:53:15.867920,E,-75.031281, 210946.0,141217,0.000000,0,-10
1:19:48.626289,N,103:53:15.867920,E,-74.927223, 210947.0,141217,0.000000,0,-10
1:19:48.626289,N,103:53:15.867920,E,-74.814491, 210948.0,141217,0.000000,0,-10
1:19:48.626289,N,103:53:15.867920,E,-74.700577, 210949.0,141217,0.000000,0,-10
1:19:48.626289,N,103:53:15.867920,E,-74.587273, 210950.0,141217,0.000000,0,-10
1:19:48.626289,N,103:53:15.867920,E,-74.474068, 210951.0,141217,0.000000,0,-10
1:19:48.626289,N,103:53:15.867920,E,-74.357315, 210952.0,141217,0.000000,0,-10
1:19:48.626289,N,103:53:15.867920,E,-74.237328, 210953.0,141217,0.000000,0,-10
1:19:48.626289,N,103:53:15.867920,E,-74.114975, 210954.0,141217,0.000000,0,-10
1:19:48.626289,N,103:53:15.867920,E,-73.988022, 210955.0,141217,0.000000,0,-10
1:19:48.626289,N,103:53:15.867920,E,-73.858803, 210956.0,141217,0.000000,0,-10
1:19:48.626289,N,103:53:15.867920,E,-72.547791, 210957.0,141217,0.000000,0,-10
1:19:48.626289,N,103:53:15.867920,E,-72.417061, 210958.0,141217,0.000000,0,-10
1:19:48.626289,N,103:53:15.867920,E,-72.284737, 210959.0,141217,0.000000,0,-10
1:19:48.626289,N,103:53:15.867920,E,-72.150978, 211000.0,141217,0.000000,0,-10
1:19:48.626289,N,103:53:15.867920,E,-72.015205, 211001.0,141217,0.000000,0,-10
1:19:48.626289,N,103:53:15.867920,E,-71.876083, 211002.0,141217,0.000000,0,-10
1:19:48.626289,N,103:53:15.867920,E,-71.734604, 211003.0,141217,0.000000,0,-10
1:19:48.626289,N,103:53:15.867920,E,-71.589645, 211004.0,141217,0.000000,0,-10
1:19:48.626289,N,103:53:15.867920,E,-71.442673, 211005.0,141217,0.000000,0,-10
1:19:48.626289,N,103:53:15.867920,E,-71.293343, 211006.0,141217,0.000000,0,-10
1:19:48.626289,N,103:53:15.867920,E,-71.141335, 211007.0,141217,0.000000,0,-10
1:19:48.626289,N,103:53:15.867920,E,-70.987473, 211008.0,141217,0.000000,0,-10
1:19:48.626289,N,103:53:15.867920,E,-70.832077, 211009.0,141217,0.000000,0,-10
1:19:48.626289,N,103:53:15.867920,E,-70.674355, 211010.0,141217,0.000000,0,-10
1:19:48.626289,N,103:53:15.867920,E,-70.514542, 211011.0,141217,0.000000,0,-10
1:19:48.626289,N,103:53:15.867920,E,-70.353745, 211012.0,141217,0.000000,0,-10
1:19:48.626289,N,103:53:15.867920,E,-70.191841, 211013.0,141217,0.000000,0,-10
1:19:48.626289,N,103:53:15.867920,E,-70.029060, 211014.0,141217,0.000000,0,-10
1:19:48.626289,N,103:53:15.867920,E,-69.866188, 211015.0,141217,0.000000,0,-10
1:19:48.626289,N,103:53:15.867920,E,-69.704094, 211016.0,141217,0.000000,0,-10
1:19:48.626289,N,103:53:15.867920,E,-69.541710, 211017.0,141217,0.000000,0,-10
1:19:48.626289,N,103:53:15.867920,E,-69.379684, 211018.0,141217,0.000000,0,-10
1:19:48.626289,N,103:53:15.867920,E,-69.218277, 211019.0,141217,0.000000,0,-10
1:19:48.626289,N,103:53:15.867920,E,-69.058464, 211020.0,141217,0.000000,0,-10
1:19:48.626289,N,103:53:15.867920,E,-68.899666, 211021.0,141217,0.000000,0,-10
1:19:48.626289,N,103:53:15.867920,E,-68.741722, 211022.0,141217,0.000000,0,-10
1:19:48.626289,N,103:53:15.867920,E,-68.583862, 211023.0,141217,0.000000,0,-10
1:19:48.626289,N,103:53:15.867920,E,-68.425659, 211024.0,141217,0.000000,0,-10
1:19:48.626289,N,103:53:15.867920,E,-68.266624, 211025.0,141217,0.000000,0,-10
1:19:48.626289,N,103:53:15.867920,E,-68.107101, 211026.0,141217,0.000000,0,-10
1:19:48.626289,N,103:53:15.867920,E,-67.946579, 211027.0,141217,0.000000,0,-10
1:19:48.626289,N,103:53:15.867920,E,-67.784286, 211028.0,141217,0.000000,0,-10
1:19:48.626289,N,103:53:15.867920,E,-67.620819, 211029.0,141217,0.000000,0,-10
1:19:48.626289,N,103:53:15.867920,E,-67.455574, 211030.0,141217,0.000000,0,-10
1:19:48.626289,N,103:53:15.867920,E,-67.289024, 211031.0,141217,0.000000,0,-10
1:19:48.626289,N,103:53:15.867920,E,-67.122093, 211032.0,141217,0.000000,0,-10
1:19:48.626289,N,103:53:15.867920,E,-66.954155, 211033.0,141217,0.000000,0,-10
1:19:48.626289,N,103:53:15.867920,E,-66.784805, 211034.0,141217,0.000000,0,-10
1:19:48.626289,N,103:53:15.867920,E,-66.613182, 211035.0,141217,0.000000,0,-10
1:19:48.626289,N,103:53:15.867920,E,-66.440422, 211036.0,141217,0.000000,0,-10
1:19:48.626289,N,103:53:15.867920,E,-66.268532, 211037.0,141217,0.000000,0,-10
1:19:48.626289,N,103:53:15.867920,E,-66.097214, 211038.0,141217,0.000000,0,-10
1:19:48.626289,N,103:53:15.867920,E,-65.927139, 211039.0,141217,0.000000,0,-10
1:19:48.626289,N,103:53:15.867920,E,-65.758888, 211040.0,141217,0.000000,0,-10
1:19:48.626289,N,103:53:15.867920,E,-65.591293, 211041.0,141217,0.000000,0,-10
1:19:48.626289,N,103:53:15.867920,E,-65.423347, 211042.0,141217,0.000000,0,-10
1:19:48.626289,N,103:53:15.867920,E,-65.254974, 211043.0,141217,0.000000,0,-10
1:19:48.626289,N,103:53:15.867920,E,-65.086594, 211044.0,141217,0.000000,0,-10
1:19:48.626289,N,103:53:15.867920,E,-64.918770, 211045.0,141217,0.000000,0,-10
1:19:48.626289,N,103:53:15.867920,E,-64.751358, 211046.0,141217,0.000000,0,-10
1:19:48.626289,N,103:53:15.867920,E,-64.584198, 211047.0,141217,0.000000,0,-10
1:19:48.626289,N,103:53:15.867920,E,-64.417946, 211048.0,141217,0.000000,0,-10
1:19:48.626289,N,103:53:15.867920,E,-62.768867, 211049.0,141217,0.000000,0,-10
1:19:48.626289,N,103:53:15.867920,E,-62.607784, 211050.0,141217,0.000000,0,-10
1:19:48.626289,N,103:53:15.867920,E,-62.448112, 211051.0,141217,0.000000,0,-10
1:19:48.626289,N,103:53:15.867920,E,-62.289505, 211052.0,141217,0.000000,0,-10
1:19:48.626289,N,103:53:15.867920,E,-62.133080, 211053.0,141217,0.000000,0,-10
1:19:48.626289,N,103:53:15.867920,E,-61.978233, 211054.0,141217,0.000000,0,-10
1:19:48.626289,N,103:53:15.867920,E,-61.825672, 211055.0,141217,0.000000,0,-10
1:19:48.626289,N,103:53:15.867920,E,-60.306610, 211056.0,141217,0.000000,0,-10
1:19:48.626289,N,103:53:15.867920,E,-58.819256, 211057.0,141217,0.000000,0,-10
1:19:48.626289,N,103:53:15.867920,E,-58.672344, 211058.0,141217,0.000000,0,-10
1:19:48.626289,N,103:53:15.867920,E,-58.524673, 211059.0,141217,0.000000,0,-10
1:19:48.626289,N,103:53:15.867920,E,-58.376404, 211100.0,141217,0.000000,0,-10
1:19:48.626289,N,103:53:15.867920,E,-58.227280, 211101.0,141217,0.000000,0,-10
1:19:48.626289,N,103:53:15.867920,E,-58.078613, 211102.0,141217,0.000000,0,-10
1:19:48.626289,N,103:53:15.867920,E,-57.930210, 211103.0,141217,0.000000,0,-10
1:19:48.626289,N,103:53:15.867920,E,-57.782883, 211104.0,141217,0.000000,0,-10
1:19:48.809109,N,103:53:15.950317,E,-57.636131, 211105.0,141217,0.000000,0,-10
1:19:48.809109,N,103:53:15.950317,E,-57.489880, 211106.0,141217,0.000000,0,-10
1:19:48.809109,N,103:53:15.950317,E,-57.344536, 211107.0,141217,0.000000,0,-10
1:19:48.809109,N,103:53:15.950317,E,-57.200600, 211108.0,141217,0.000000,0,-10
1:19:48.809109,N,103:53:15.950317,E,-57.058155, 211109.0,141217,0.000000,0,-10
1:19:48.809109,N,103:53:15.950317,E,-56.916996, 211110.0,141217,0.000000,0,-10
1:19:48.809109,N,103:53:15.950317,E,-56.776676, 211111.0,141217,0.000000,0,-10
1:19:48.809109,N,103:53:15.950317,E,-56.637482, 211112.0,141217,0.000000,0,-10
1:19:48.809109,N,103:53:15.950317,E,-56.499798, 211113.0,141217,0.000000,0,-10
1:19:48.809109,N,103:53:15.950317,E,-56.363930, 211114.0,141217,0.000000,0,-10
1:19:48.809109,N,103:53:15.950317,E,-56.229927, 211115.0,141217,0.000000,0,-10
1:19:48.809109,N,103:53:15.950317,E,-56.097019, 211116.0,141217,0.000000,0,-10
1:19:48.809109,N,103:53:15.950317,E,-55.964924, 211117.0,141217,0.000000,0,-10
1:19:48.809109,N,103:53:15.950317,E,-55.833424, 211118.0,141217,0.000000,0,-10
1:19:48.809109,N,103:53:15.950317,E,-55.702827, 211119.0,141217,0.000000,0,-10
1:19:48.809109,N,103:53:15.950317,E,-55.573086, 211120.0,141217,0.000000,0,-10
1:19:48.809109,N,103:53:15.950317,E,-55.443054, 211121.0,141217,0.000000,0,-10
1:19:48.809109,N,103:53:15.950317,E,-55.312496, 211122.0,141217,0.000000,0,-10
1:19:48.809109,N,103:53:15.950317,E,-54.007805, 211123.0,141217,0.000000,0,-10
1:19:48.809109,N,103:53:15.950317,E,-53.878605, 211124.0,141217,0.000000,0,-10
1:19:48.809109,N,103:53:15.950317,E,-53.749725, 211125.0,141217,0.000000,0,-10
1:19:48.809109,N,103:53:15.950317,E,-53.620281, 211126.0,141217,0.000000,0,-10
1:19:48.809109,N,103:53:15.950317,E,-53.490379, 211127.0,141217,0.000000,0,-10
1:19:48.809109,N,103:53:15.950317,E,-53.359016, 211128.0,141217,0.000000,0,-10
1:19:48.809109,N,103:53:15.950317,E,-53.227100, 211129.0,141217,0.000000,0,-10
1:19:48.809109,N,103:53:15.950317,E,-53.094402, 211130.0,141217,0.000000,0,-10
1:19:48.809109,N,103:53:15.950317,E,-52.960396, 211131.0,141217,0.000000,0,-10
1:19:48.809109,N,103:53:15.950317,E,-52.826283, 211132.0,141217,0.000000,0,-10
1:19:48.809109,N,103:53:15.950317,E,-52.693474, 211133.0,141217,0.000000,0,-10
1:19:48.809109,N,103:53:15.950317,E,-52.560822, 211134.0,141217,0.000000,0,-10
1:19:48.809109,N,103:53:15.950317,E,-52.429104, 211135.0,141217,0.000000,0,-10
1:19:48.809109,N,103:53:15.950317,E,-52.298119, 211136.0,141217,0.000000,0,-10
1:19:48.809109,N,103:53:15.950317,E,-52.168461, 211137.0,141217,0.000000,0,-10
1:19:48.809109,N,103:53:15.950317,E,-52.039661, 211138.0,141217,0.000000,0,-10
1:19:48.809109,N,103:53:15.950317,E,-51.912418, 211139.0,141217,0.000000,0,-10
1:19:48.809109,N,103:53:15.950317,E,-51.785553, 211140.0,141217,0.000000,0,-10
1:19:48.809109,N,103:53:15.950317,E,-51.658676, 211141.0,141217,0.000000,0,-10
1:19:48.809109,N,103:53:15.950317,E,-51.530697, 211142.0,141217,0.000000,0,-10
1:19:48.809109,N,103:53:15.950317,E,-51.403294, 211143.0,141217,0.000000,0,-10
1:19:48.809109,N,103:53:15.950317,E,-51.277634, 211144.0,141217,0.000000,0,-10
1:19:48.809109,N,103:53:15.950317,E,-51.152557, 211145.0,141217,0.000000,0,-10
1:19:48.809109,N,103:53:15.950317,E,-51.027237, 211146.0,141217,0.000000,0,-10
1:19:48.809109,N,103:53:15.950317,E,-50.902859, 211147.0,141217,0.000000,0,-10
1:19:48.809109,N,103:53:15.950317,E,-50.779602, 211148.0,141217,0.000000,0,-10
1:19:48.809109,N,103:53:15.950317,E,-50.657768, 211149.0,141217,0.000000,0,-10
1:19:48.809109,N,103:53:15.950317,E,-50.538116, 211150.0,141217,0.000000,0,-10
1:19:48.809109,N,103:53:15.950317,E,-50.421013, 211151.0,141217,0.000000,0,-10
1:19:48.809109,N,103:53:15.950317,E,-50.305935, 211152.0,141217,0.000000,0,-10
1:19:48.809109,N,103:53:15.950317,E,-50.193253, 211153.0,141217,0.000000,0,-10
1:19:48.809109,N,103:53:15.950317,E,-49.084724, 211154.0,141217,0.000000,0,-10
1:19:48.809109,N,103:53:15.950317,E,-48.026882, 211155.0,141217,0.000000,0,-10
1:19:48.809109,N,103:53:15.950317,E,-47.926800, 211156.0,141217,0.000000,0,-10
1:19:48.809109,N,103:53:15.950317,E,-47.829247, 211157.0,141217,0.000000,0,-10
1:19:48.809109,N,103:53:15.950317,E,-47.734913, 211158.0,141217,0.000000,0,-10
1:19:48.809109,N,103:53:15.950317,E,-47.642303, 211159.0,141217,0.000000,0,-10
1:19:48.809109,N,103:53:15.950317,E,-47.551254, 211200.0,141217,0.000000,0,-10
1:19:48.809109,N,103:53:15.950317,E,-47.461220, 211201.0,141217,0.000000,0,-10
1:19:48.809109,N,103:53:15.950317,E,-47.371235, 211202.0,141217,0.000000,0,-10
1:19:48.809109,N,103:53:15.950317,E,-47.280731, 211203.0,141217,0.000000,0,-10
1:19:48.809109,N,103:53:15.950317,E,-46.367741, 211204.0,141217,0.000000,0,-10
1:19:48.809109,N,103:53:15.950317,E,-46.275078, 211205.0,141217,0.000000,0,-10
1:19:48.809109,N,103:53:15.950317,E,-46.275078, 211205.0,141217,0.000000,0,-10
1:19:48.809109,N,103:53:15.950317,E,-46.179871, 211206.0,141217,0.000000,0,-10
1:19:48.809109,N,103:53:15.950317,E,-46.179871, 211206.0,141217,0.000000,0,-10
1:19:48.809109,N,103:53:15.950317,E,-46.082809, 211207.0,141217,0.000000,0,-10
1:19:48.809109,N,103:53:15.950317,E,-46.082809, 211207.0,141217,0.000000,0,-10
1:19:48.809109,N,103:53:15.950317,E,-45.985714, 211208.0,141217,0.000000,0,-10
1:19:48.809109,N,103:53:15.950317,E,-45.985714, 211208.0,141217,0.000000,0,-10
1:19:48.809109,N,103:53:15.950317,E,-45.887909, 211209.0,141217,0.000000,0,-10
1:19:48.809109,N,103:53:15.950317,E,-45.887909, 211209.0,141217,0.000000,0,-10
1:19:48.809109,N,103:53:15.950317,E,-45.789299, 211210.0,141217,0.000000,0,-10
1:19:48.809109,N,103:53:15.950317,E,-45.789299, 211210.0,141217,0.000000,0,-10
1:19:48.809109,N,103:53:15.950317,E,-45.690960, 211211.0,141217,0.000000,0,-10
1:19:48.809109,N,103:53:15.950317,E,-45.690960, 211211.0,141217,0.000000,0,-10
1:19:48.809109,N,103:53:15.950317,E,-45.592781, 211212.0,141217,0.000000,0,-10
1:19:48.809109,N,103:53:15.950317,E,-45.592781, 211212.0,141217,0.000000,0,-10
1:19:48.809109,N,103:53:15.950317,E,-45.494774, 211213.0,141217,0.000000,0,-10
1:19:48.809109,N,103:53:15.950317,E,-45.494774, 211213.0,141217,0.000000,0,-10
1:19:48.809109,N,103:53:15.950317,E,-45.395889, 211214.0,141217,0.000000,0,-10
1:19:48.809109,N,103:53:15.950317,E,-45.395889, 211214.0,141217,0.000000,0,-10
1:19:48.809109,N,103:53:15.950317,E,-45.297398, 211215.0,141217,0.000000,0,-10
1:19:48.809109,N,103:53:15.950317,E,-45.297398, 211215.0,141217,0.000000,0,-10
1:19:48.809109,N,103:53:15.950317,E,-45.199814, 211216.0,141217,0.000000,0,-10
1:19:48.809109,N,103:53:15.950317,E,-45.199814, 211216.0,141217,0.000000,0,-10
1:19:48.809109,N,103:53:15.950317,E,-45.101116, 211217.0,141217,0.000000,0,-10
1:19:48.809109,N,103:53:15.950317,E,-45.101116, 211217.0,141217,0.000000,0,-10
1:19:48.809109,N,103:53:15.950317,E,-45.002220, 211218.0,141217,0.000000,0,-10
1:19:48.809109,N,103:53:15.950317,E,-45.002220, 211218.0,141217,0.000000,0,-10
1:19:48.809109,N,103:53:15.950317,E,-44.902958, 211219.0,141217,0.000000,0,-10
1:19:48.809109,N,103:53:15.950317,E,-44.902958, 211219.0,141217,0.000000,0,-10
1:19:48.809109,N,103:53:15.950317,E,-44.802773, 211220.0,141217,0.000000,0,-10
1:19:48.809109,N,103:53:15.950317,E,-44.802773, 211220.0,141217,0.000000,0,-10
1:19:48.809109,N,103:53:15.950317,E,-43.799770, 211221.0,141217,0.000000,0,-10
1:19:48.809109,N,103:53:15.950317,E,-43.799770, 211221.0,141217,0.000000,0,-10
1:19:48.809109,N,103:53:15.950317,E,-43.701424, 211222.0,141217,0.000000,0,-10
1:19:48.809109,N,103:53:15.950317,E,-43.701424, 211222.0,141217,0.000000,0,-10
1:19:48.809109,N,103:53:15.950317,E,-43.603233, 211223.0,141217,0.000000,0,-10
1:19:48.809109,N,103:53:15.950317,E,-43.603233, 211223.0,141217,0.000000,0,-10
1:19:48.809109,N,103:53:15.950317,E,-43.506531, 211224.0,141217,0.000000,0,-10
1:19:48.809109,N,103:53:15.950317,E,-43.506531, 211224.0,141217,0.000000,0,-10
1:19:48.809109,N,103:53:15.950317,E,-43.411175, 211225.0,141217,0.000000,0,-10
1:19:48.809109,N,103:53:15.950317,E,-43.411175, 211225.0,141217,0.000000,0,-10
1:19:48.809109,N,103:53:15.950317,E,-43.317673, 211226.0,141217,0.000000,0,-10
1:19:48.809109,N,103:53:15.950317,E,-43.317673, 211226.0,141217,0.000000,0,-10
1:19:48.809109,N,103:53:15.950317,E,-43.224892, 211227.0,141217,0.000000,0,-10
1:19:48.809109,N,103:53:15.950317,E,-43.224892, 211227.0,141217,0.000000,0,-10
1:19:48.809109,N,103:53:15.950317,E,-43.132610, 211228.0,141217,0.000000,0,-10
1:19:48.809109,N,103:53:15.950317,E,-43.132610, 211228.0,141217,0.000000,0,-10
1:19:48.809109,N,103:53:15.950317,E,-43.041542, 211229.0,141217,0.000000,0,-10
1:19:48.809109,N,103:53:15.950317,E,-43.041542, 211229.0,141217,0.000000,0,-10
1:19:48.809109,N,103:53:15.950317,E,-42.950752, 211230.0,141217,0.000000,0,-10
1:19:48.809109,N,103:53:15.950317,E,-42.950752, 211230.0,141217,0.000000,0,-10
1:19:48.809109,N,103:53:15.950317,E,-42.859386, 211231.0,141217,0.000000,0,-10
1:19:48.809109,N,103:53:15.950317,E,-42.859386, 211231.0,141217,0.000000,0,-10
1:19:48.809109,N,103:53:15.950317,E,-41.949402, 211232.0,141217,0.000000,0,-10
1:19:48.809109,N,103:53:15.950317,E,-41.949402, 211232.0,141217,0.000000,0,-10
1:19:48.809109,N,103:53:15.950317,E,-41.860138, 211233.0,141217,0.000000,0,-10
1:19:48.809109,N,103:53:15.950317,E,-41.860138, 211233.0,141217,0.000000,0,-10
1:19:48.809109,N,103:53:15.950317,E,-41.771694, 211234.0,141217,0.000000,0,-10
1:19:48.809109,N,103:53:15.950317,E,-41.771694, 211234.0,141217,0.000000,0,-10
1:19:48.809109,N,103:53:15.950317,E,-41.682899, 211235.0,141217,0.000000,0,-10
1:19:48.809109,N,103:53:15.950317,E,-41.682899, 211235.0,141217,0.000000,0,-10
1:19:48.809109,N,103:53:15.950317,E,-40.805038, 211236.0,141217,0.000000,0,-10
1:19:48.809109,N,103:53:15.950317,E,-40.805038, 211236.0,141217,0.000000,0,-10
1:19:48.809109,N,103:53:15.950317,E,-39.937340, 211237.0,141217,0.000000,0,-10
1:19:48.809109,N,103:53:15.950317,E,-39.937340, 211237.0,141217,0.000000,0,-10
1:19:48.809109,N,103:53:15.950317,E,-39.851353, 211238.0,141217,0.000000,0,-10
1:19:48.809109,N,103:53:15.950317,E,-39.851353, 211238.0,141217,0.000000,0,-10
1:19:48.809109,N,103:53:15.950317,E,-39.764721, 211239.0,141217,0.000000,0,-10
1:19:48.809109,N,103:53:15.950317,E,-39.764721, 211239.0,141217,0.000000,0,-10
1:19:48.809109,N,103:53:15.950317,E,-39.677532, 211240.0,141217,0.000000,0,-10
1:19:48.809109,N,103:53:15.950317,E,-39.677532, 211240.0,141217,0.000000,0,-10
1:19:48.809109,N,103:53:15.950317,E,-39.589931, 211241.0,141217,0.000000,0,-10
1:19:48.809109,N,103:53:15.950317,E,-39.589931, 211241.0,141217,0.000000,0,-10
1:19:48.809109,N,103:53:15.950317,E,-39.502434, 211242.0,141217,0.000000,0,-10
1:19:48.809109,N,103:53:15.950317,E,-39.502434, 211242.0,141217,0.000000,0,-10
1:19:48.809109,N,103:53:15.950317,E,-39.416168, 211243.0,141217,0.000000,0,-10
1:19:48.809109,N,103:53:15.950317,E,-39.416168, 211243.0,141217,0.000000,0,-10
1:19:48.809109,N,103:53:15.950317,E,-39.330872, 211244.0,141217,0.000000,0,-10
1:19:48.809109,N,103:53:15.950317,E,-39.330872, 211244.0,141217,0.000000,0,-10
1:19:48.809109,N,103:53:15.950317,E,-39.245811, 211245.0,141217,0.000000,0,-10
1:19:48.809109,N,103:53:15.950317,E,-39.245811, 211245.0,141217,0.000000,0,-10
1:19:48.809109,N,103:53:15.950317,E,-39.160244, 211246.0,141217,0.000000,0,-10
1:19:48.809109,N,103:53:15.950317,E,-39.160244, 211246.0,141217,0.000000,0,-10
1:19:48.809109,N,103:53:15.950317,E,-38.289593, 211247.0,141217,0.000000,0,-10
1:19:48.809109,N,103:53:15.950317,E,-38.289593, 211247.0,141217,0.000000,0,-10
1:19:48.809109,N,103:53:15.950317,E,-38.203381, 211248.0,141217,0.000000,0,-10
1:19:48.809109,N,103:53:15.950317,E,-38.203381, 211248.0,141217,0.000000,0,-10
1:19:48.809109,N,103:53:15.950317,E,-38.115093, 211249.0,141217,0.000000,0,-10
1:19:48.809109,N,103:53:15.950317,E,-38.115093, 211249.0,141217,0.000000,0,-10
1:19:48.809109,N,103:53:15.950317,E,-38.027615, 211250.0,141217,0.000000,0,-10
1:19:48.809109,N,103:53:15.950317,E,-38.027615, 211250.0,141217,0.000000,0,-10
1:19:48.809109,N,103:53:15.950317,E,-37.939854, 211251.0,141217,0.000000,0,-10
1:19:48.809109,N,103:53:15.950317,E,-37.939854, 211251.0,141217,0.000000,0,-10
1:19:48.809109,N,103:53:15.950317,E,-37.852737, 211252.0,141217,0.000000,0,-10
1:19:48.809109,N,103:53:15.950317,E,-37.852737, 211252.0,141217,0.000000,0,-10
1:19:48.809109,N,103:53:15.950317,E,-37.766136, 211253.0,141217,0.000000,0,-10
1:19:48.809109,N,103:53:15.950317,E,-37.766136, 211253.0,141217,0.000000,0,-10
1:19:48.809109,N,103:53:15.950317,E,-37.679276, 211254.0,141217,0.000000,0,-10
1:19:48.809109,N,103:53:15.950317,E,-37.679276, 211254.0,141217,0.000000,0,-10
1:19:48.809109,N,103:53:15.950317,E,-37.591908, 211255.0,141217,0.000000,0,-10
1:19:48.809109,N,103:53:15.950317,E,-37.591908, 211255.0,141217,0.000000,0,-10
1:19:48.809109,N,103:53:15.950317,E,-37.503262, 211256.0,141217,0.000000,0,-10
1:19:48.809109,N,103:53:15.950317,E,-37.503262, 211256.0,141217,0.000000,0,-10
1:19:48.809109,N,103:53:15.950317,E,-37.413227, 211257.0,141217,0.000000,0,-10
1:19:48.809109,N,103:53:15.950317,E,-37.413227, 211257.0,141217,0.000000,0,-10
1:19:48.809109,N,103:53:15.950317,E,-37.322124, 211258.0,141217,0.000000,0,-10
1:19:48.809109,N,103:53:15.950317,E,-37.322124, 211258.0,141217,0.000000,0,-10
1:19:48.809109,N,103:53:15.950317,E,-37.230419, 211259.0,141217,0.000000,0,-10
1:19:48.809109,N,103:53:15.950317,E,-37.230419, 211259.0,141217,0.000000,0,-10
1:19:48.809109,N,103:53:15.950317,E,-37.137051, 211300.0,141217,0.000000,0,-10
1:19:48.809109,N,103:53:15.950317,E,-37.137051, 211300.0,141217,0.000000,0,-10
1:19:48.809109,N,103:53:15.950317,E,-37.041435, 211301.0,141217,0.000000,0,-10
1:19:48.809109,N,103:53:15.950317,E,-37.041435, 211301.0,141217,0.000000,0,-10
1:19:48.809109,N,103:53:15.950317,E,-36.945518, 211302.0,141217,0.000000,0,-10
1:19:48.809109,N,103:53:15.950317,E,-36.945518, 211302.0,141217,0.000000,0,-10
1:19:48.809109,N,103:53:15.950317,E,-36.849735, 211303.0,141217,0.000000,0,-10
1:19:48.809109,N,103:53:15.950317,E,-36.849735, 211303.0,141217,0.000000,0,-10
1:19:48.809109,N,103:53:15.950317,E,-36.754528, 211304.0,141217,0.000000,0,-10
1:19:48.809109,N,103:53:15.950317,E,-36.754528, 211304.0,141217,0.000000,0,-10
