1:21:53.431404,N,103:57:19.379883,E,15.171143, 092209.0,141217,0.000000,222,-10
1:21:53.756706,N,103:57:18.555908,E,14.865601, 092210.0,141217,0.000000,185,-10
1:21:54.085007,N,103:57:17.677002,E,14.514771, 092211.0,141217,0.000000,160,-10
1:21:54.408157,N,103:57:16.825562,E,14.490295, 092212.0,141217,0.000000,142,-10
1:21:54.713287,N,103:57:15.974121,E,12.994019, 092213.0,141217,0.000000,130,-10
1:21:54.958763,N,103:57:15.095215,E,13.119385, 092214.0,141217,0.000000,119,210153540
1:21:55.250160,N,103:57:14.216309,E,14.371643, 092215.0,141217,0.000000,115,210153540
1:21:55.487053,N,103:57:13.364868,E,14.874084, 092216.0,141217,0.000000,109,210153540
1:21:55.724800,N,103:57:12.485962,E,14.836365, 092217.0,141217,0.000000,106,210153540
1:21:55.934658,N,103:57:11.607056,E,16.106506, 092218.0,141217,0.000000,103,210153540
1:21:56.162968,N,103:57:10.755615,E,15.569519, 092219.0,141217,0.000000,101,210153540
1:21:56.354370,N,103:57:9.849243,E,16.364197, 092220.0,141217,0.000000,101,210153540
1:21:56.553070,N,103:57:8.997803,E,16.317383, 092221.0,141217,0.000000,100,210153540
1:21:56.771507,N,103:57:8.173828,E,15.429871, 092222.0,141217,0.000000,98,210153540
1:21:56.953041,N,103:57:7.377319,E,13.828186, 092223.0,141217,0.000000,95,210153540
1:21:57.164185,N,103:57:6.580811,E,14.874756, 092224.0,141217,0.000000,94,210153540
1:21:57.347431,N,103:57:5.729370,E,16.060425, 092225.0,141217,0.000000,95,210153540
1:21:57.553425,N,103:57:4.905396,E,16.866516, 092226.0,141217,0.000000,94,210153540
1:21:57.728519,N,103:57:4.081421,E,17.990540, 092227.0,141217,0.000000,94,210153540
1:21:57.950821,N,103:57:3.202515,E,18.838379, 092228.0,141217,0.000000,95,210153540
1:21:58.089867,N,103:57:2.378540,E,19.775391, 092229.0,141217,0.000000,94,210153540
1:21:58.313026,N,103:57:1.554565,E,19.417664, 092230.0,141217,0.000000,94,210153540
1:21:58.566658,N,103:57:0.703125,E,20.411682, 092231.0,141217,0.000000,95,210153540
1:21:58.682526,N,103:56:59.906616,E,19.079712, 092232.0,141217,0.000000,94,210153540
1:21:58.812134,N,103:56:59.110107,E,19.223633, 092233.0,141217,0.000000,93,210153540
1:21:58.996239,N,103:56:58.313599,E,19.356018, 092234.0,141217,0.000000,91,210153540
1:21:59.210388,N,103:56:57.599487,E,19.177917, 092235.0,141217,0.000000,87,210153540
1:21:59.369171,N,103:56:56.802979,E,17.989990, 092236.0,141217,0.000000,88,210153540
1:21:59.548561,N,103:56:56.061401,E,19.019836, 092237.0,141217,0.000000,85,210153540
1:21:59.782021,N,103:56:55.347290,E,19.893616, 092238.0,141217,0.000000,85,210153540
1:21:59.993164,N,103:56:54.633179,E,20.573792, 092239.0,141217,0.000000,82,210153540
1:22:0.126200,N,103:56:53.946533,E,20.255005, 092240.0,141217,0.000000,81,210153544
1:22:0.263100,N,103:56:53.314819,E,20.776794, 092241.0,141217,0.000000,77,210153544
1:22:0.411587,N,103:56:52.655640,E,20.487000, 092242.0,141217,0.000000,75,210153544
1:22:0.627880,N,103:56:52.023926,E,21.802612, 092243.0,141217,0.000000,74,210153544
1:22:0.778942,N,103:56:51.392212,E,22.429626, 092244.0,141217,0.000000,74,210153544
1:22:0.930862,N,103:56:50.733032,E,22.486572, 092245.0,141217,0.000000,73,210153544
1:22:1.072054,N,103:56:50.046387,E,22.510559, 092246.0,141217,0.000000,74,210153544
1:22:1.203804,N,103:56:49.469604,E,20.603699, 092247.0,141217,0.000000,72,210153544
1:22:1.302080,N,103:56:48.865356,E,18.886780, 092248.0,141217,0.000000,69,210153544
1:22:1.457863,N,103:56:48.261108,E,18.016541, 092249.0,141217,0.000000,69,210153548
1:22:1.632528,N,103:56:47.656860,E,18.348389, 092250.0,141217,0.000000,69,210153548
1:22:1.841526,N,103:56:46.970215,E,20.114319, 092251.0,141217,0.000000,70,210153548
1:22:2.002888,N,103:56:46.365967,E,20.520874, 092252.0,141217,0.000000,69,210153548
1:22:2.163391,N,103:56:45.789185,E,20.276428, 092253.0,141217,0.000000,69,210153548
1:22:2.438049,N,103:56:45.102539,E,19.581909, 092254.0,141217,0.000000,72,210153548
1:22:2.728586,N,103:56:44.415894,E,19.325439, 092255.0,141217,0.000000,76,210153548
1:22:2.980499,N,103:56:43.811646,E,18.832458, 092256.0,141217,0.000000,73,210153548
1:22:3.245716,N,103:56:43.207397,E,19.873779, 092257.0,141217,0.000000,71,210153548
1:22:3.483467,N,103:56:42.658081,E,18.443787, 092258.0,141217,0.000000,70,210153548
1:22:3.744392,N,103:56:42.081299,E,17.816528, 092259.0,141217,0.000000,70,210153548
1:22:4.041796,N,103:56:41.477051,E,20.059082, 092300.0,141217,0.000000,72,210153548
1:22:4.373960,N,103:56:40.900269,E,20.713318, 092301.0,141217,0.000000,72,210153548
1:22:4.743032,N,103:56:40.323486,E,21.234985, 092302.0,141217,0.000000,74,210153548
1:22:5.082064,N,103:56:39.746704,E,22.796387, 092303.0,141217,0.000000,75,210153548
1:22:5.464010,N,103:56:39.142456,E,22.416748, 092304.0,141217,0.000000,76,210153548
1:22:5.828362,N,103:56:38.593140,E,21.828979, 092305.0,141217,0.000000,75,210153548
1:22:6.242924,N,103:56:38.043823,E,23.413452, 092306.0,141217,0.000000,73,210153548
1:22:6.592684,N,103:56:37.494507,E,22.320313, 092307.0,141217,0.000000,73,210153548
1:22:6.959181,N,103:56:36.972656,E,22.506836, 092308.0,141217,0.000000,70,210153548
1:22:7.391338,N,103:56:36.450806,E,22.679016, 092309.0,141217,0.000000,70,210153548
1:22:7.790451,N,103:56:35.928955,E,21.769653, 092310.0,141217,0.000000,72,210153548
1:22:8.226042,N,103:56:35.462036,E,22.502380, 092311.0,141217,0.000000,71,210153552
1:22:8.667212,N,103:56:34.940186,E,23.196655, 092312.0,141217,0.000000,73,210153552
1:22:9.107523,N,103:56:34.500732,E,24.328552, 092313.0,141217,0.000000,72,210153552
1:22:9.586029,N,103:56:34.006348,E,27.589294, 092314.0,141217,0.000000,72,210153552
1:22:10.012608,N,103:56:33.539429,E,25.913696, 092315.0,141217,0.000000,72,210153552
1:22:10.430603,N,103:56:33.099976,E,24.644775, 092316.0,141217,0.000000,69,210153552
1:22:10.876923,N,103:56:32.605591,E,24.062988, 092317.0,141217,0.000000,70,210153552
1:22:11.290197,N,103:56:32.193604,E,24.938416, 092318.0,141217,0.000000,68,210153552
1:22:11.747246,N,103:56:31.699219,E,24.999146, 092319.0,141217,0.000000,69,210153552
1:22:12.119751,N,103:56:31.287231,E,23.533813, 092320.0,141217,0.000000,66,210153552
1:22:12.528734,N,103:56:30.847778,E,22.717041, 092321.0,141217,0.000000,68,210153552
1:22:12.955313,N,103:56:30.353394,E,22.247070, 092322.0,141217,0.000000,67,210153552
1:22:13.309793,N,103:56:29.941406,E,23.457275, 092323.0,141217,0.000000,63,210153552
1:22:13.690023,N,103:56:29.501953,E,23.280334, 092324.0,141217,0.000000,63,210153552
1:22:14.064674,N,103:56:29.089966,E,23.650818, 092325.0,141217,0.000000,61,210153552
1:22:14.340620,N,103:56:28.705444,E,23.388184, 092326.0,141217,0.000000,57,210153552
1:22:14.635878,N,103:56:28.320923,E,23.687622, 092327.0,141217,0.000000,56,210153556
1:22:14.925127,N,103:56:27.908936,E,22.448486, 092328.0,141217,0.000000,56,210153556
1:22:15.241413,N,103:56:27.442017,E,22.053223, 092329.0,141217,0.000000,56,210153556
1:22:15.531950,N,103:56:27.030029,E,22.225281, 092330.0,141217,0.000000,58,210153556
1:22:15.864973,N,103:56:26.563110,E,22.038025, 092331.0,141217,0.000000,59,210153556
1:22:16.174393,N,103:56:26.123657,E,22.206116, 092332.0,141217,0.000000,60,210153556
1:22:16.502695,N,103:56:25.656738,E,22.365723, 092333.0,141217,0.000000,61,210153556
1:22:16.843872,N,103:56:25.107422,E,21.041260, 092334.0,141217,0.000000,64,210153556
1:22:17.215090,N,103:56:24.585571,E,20.746460, 092335.0,141217,0.000000,65,210153556
1:22:17.581158,N,103:56:24.036255,E,20.112427, 092336.0,141217,0.000000,70,210153556
1:22:17.933922,N,103:56:23.486938,E,21.094666, 092337.0,141217,0.000000,70,210153556
1:22:18.274240,N,103:56:22.882690,E,20.217773, 092338.0,141217,0.000000,75,210153556
1:22:18.627434,N,103:56:22.250977,E,20.938904, 092339.0,141217,0.000000,78,210153556
1:22:19.017963,N,103:56:21.509399,E,19.657471, 092340.0,141217,0.000000,83,210153556
1:22:19.413643,N,103:56:20.767822,E,19.887268, 092341.0,141217,0.000000,87,210153556
1:22:19.812756,N,103:56:20.026245,E,20.229126, 092342.0,141217,0.000000,88,210153556
1:22:20.190840,N,103:56:19.339600,E,20.096924, 092343.0,141217,0.000000,86,210153556
1:22:20.574503,N,103:56:18.652954,E,20.038086, 092344.0,141217,0.000000,86,210153556
1:22:20.792942,N,103:56:17.938843,E,19.135986, 092345.0,141217,0.000000,84,210153556
1:22:21.093779,N,103:56:17.307129,E,19.125061, 092346.0,141217,0.000000,80,210153556
1:22:21.416502,N,103:56:16.730347,E,20.350098, 092347.0,141217,0.000000,76,210153556
1:22:21.674852,N,103:56:16.181030,E,17.684631, 092348.0,141217,0.000000,72,210153556
1:22:21.924191,N,103:56:15.659180,E,16.565796, 092349.0,141217,0.000000,68,210153556
1:22:22.200994,N,103:56:15.109863,E,16.590576, 092350.0,141217,0.000000,66,210153556
1:22:22.473507,N,103:56:14.615479,E,16.722778, 092351.0,141217,0.000000,64,210153556
1:22:22.710400,N,103:56:14.148560,E,15.565491, 092352.0,141217,0.000000,61,210153560
1:22:22.990208,N,103:56:13.626709,E,15.979187, 092353.0,141217,0.000000,61,210153560
1:22:23.227100,N,103:56:13.159790,E,15.713440, 092354.0,141217,0.000000,60,210153560
1:22:23.477297,N,103:56:12.720337,E,16.202271, 092355.0,141217,0.000000,57,210153560
1:22:23.695307,N,103:56:12.225952,E,17.052795, 092356.0,141217,0.000000,57,210153560
1:22:23.942070,N,103:56:11.731567,E,17.820618, 092357.0,141217,0.000000,59,210153560
1:22:24.215012,N,103:56:11.292114,E,17.611572, 092358.0,141217,0.000000,59,210153560
1:22:24.496965,N,103:56:10.825195,E,18.265442, 092359.0,141217,0.000000,58,210153560
1:22:24.745874,N,103:56:10.358276,E,16.901917, 092400.0,141217,0.000000,59,210153560
1:22:25.000362,N,103:56:9.891357,E,17.201843, 092401.0,141217,0.000000,58,210153560
1:22:25.262575,N,103:56:9.424438,E,16.843689, 092402.0,141217,0.000000,58,210153560
1:22:25.539808,N,103:56:8.930054,E,16.903015, 092403.0,141217,0.000000,59,210153560
1:22:25.778847,N,103:56:8.435669,E,15.830505, 092404.0,141217,0.000000,60,210153560
1:22:26.017456,N,103:56:7.858887,E,16.299377, 092405.0,141217,0.000000,62,210150732
1:22:26.277094,N,103:56:7.337036,E,16.322632, 092406.0,141217,0.000000,64,210150732
1:22:26.626854,N,103:56:6.842651,E,16.594055, 092407.0,141217,0.000000,64,210150732
1:22:26.697664,N,103:56:6.238403,E,17.054749, 092408.0,141217,0.000000,65,210150732
1:22:26.914387,N,103:56:5.689087,E,16.628296, 092409.0,141217,0.000000,65,210150732
1:22:27.125530,N,103:56:5.167236,E,17.078552, 092410.0,141217,0.000000,62,210150732
1:22:27.350836,N,103:56:4.617920,E,17.555054, 092411.0,141217,0.000000,63,210150732
1:22:27.533655,N,103:56:4.068604,E,17.800903, 092412.0,141217,0.000000,63,210150732
1:22:27.740936,N,103:56:3.546753,E,17.182495, 092413.0,141217,0.000000,62,210150732
1:22:27.917747,N,103:56:3.024902,E,18.829712, 092414.0,141217,0.000000,60,210150732
1:22:28.113441,N,103:56:2.557983,E,19.093384, 092415.0,141217,0.000000,59,210150732
1:22:28.283386,N,103:56:2.036133,E,19.280273, 092416.0,141217,0.000000,59,210150732
1:22:28.447752,N,103:56:1.569214,E,19.353943, 092417.0,141217,0.000000,56,210150732
1:22:28.611259,N,103:56:1.074829,E,20.107483, 092418.0,141217,0.000000,56,210150732
1:22:28.760176,N,103:56:0.607910,E,18.198914, 092419.0,141217,0.000000,55,210150732
1:22:28.955870,N,103:56:0.168457,E,19.596069, 092420.0,141217,0.000000,55,210150732
1:22:29.131393,N,103:55:59.701538,E,19.316711, 092421.0,141217,0.000000,55,210150732
1:22:29.291468,N,103:55:59.207153,E,18.870605, 092422.0,141217,0.000000,57,210150732
1:22:29.460125,N,103:55:58.685303,E,17.959839, 092423.0,141217,0.000000,57,210150732
1:22:29.576855,N,103:55:58.355713,E,15.669617, 092424.0,141217,0.000000,51,210150732
1:22:29.704742,N,103:55:57.943726,E,15.477600, 092425.0,141217,0.000000,48,210150732
1:22:29.845505,N,103:55:57.586670,E,16.789917, 092426.0,141217,0.000000,45,210150732
1:22:29.989271,N,103:55:57.202148,E,16.674866, 092427.0,141217,0.000000,45,210151056
1:22:30.130892,N,103:55:56.817627,E,16.858582, 092428.0,141217,0.000000,43,210151056
1:22:30.210714,N,103:55:56.460571,E,15.981873, 092429.0,141217,0.000000,42,210151056
1:22:30.276375,N,103:55:56.130981,E,16.113892, 092430.0,141217,0.000000,39,210151056
1:22:30.340319,N,103:55:55.746460,E,16.889221, 092431.0,141217,0.000000,39,210151056
1:22:30.357914,N,103:55:55.416870,E,17.149231, 092432.0,141217,0.000000,38,210151056
1:22:30.342464,N,103:55:55.169678,E,16.685120, 092433.0,141217,0.000000,34,210151056
1:22:30.289249,N,103:55:54.922485,E,16.621826, 092434.0,141217,0.000000,31,210151056
1:22:30.182819,N,103:55:54.675293,E,16.906128, 092435.0,141217,0.000000,30,210151056
1:22:30.047207,N,103:55:54.400635,E,17.606262, 092436.0,141217,0.000000,32,210151056
1:22:29.900866,N,103:55:54.125977,E,18.131409, 092437.0,141217,0.000000,32,210151056
1:22:29.698305,N,103:55:53.741455,E,17.839478, 092438.0,141217,0.000000,35,210060448
1:22:29.370432,N,103:55:53.604126,E,18.174133, 092439.0,141217,0.000000,40,210060448
1:22:28.943853,N,103:55:53.384399,E,17.736084, 092440.0,141217,0.000000,44,210060448
1:22:28.472643,N,103:55:53.164673,E,18.917603, 092441.0,141217,0.000000,50,210060448
1:22:27.968817,N,103:55:52.917480,E,18.115173, 092442.0,141217,0.000000,54,210060448
1:22:27.443104,N,103:55:52.670288,E,17.786377, 092443.0,141217,0.000000,58,210060448
1:22:26.865034,N,103:55:52.395630,E,17.994629, 092444.0,141217,0.000000,62,210060448
1:22:26.279240,N,103:55:52.120972,E,17.901245, 092445.0,141217,0.000000,65,210060448
1:22:25.685291,N,103:55:51.846313,E,17.433411, 092446.0,141217,0.000000,69,210060448
1:22:25.003796,N,103:55:51.544189,E,10.833679, 092447.0,141217,0.000000,71,210060448
1:22:24.352341,N,103:55:51.242065,E,10.433350, 092448.0,141217,0.000000,74,210060448
1:22:23.762255,N,103:55:50.967407,E,11.302246, 092449.0,141217,0.000000,74,210060448
1:22:23.073463,N,103:55:50.692749,E,11.954041, 092450.0,141217,0.000000,77,210060448
1:22:22.351198,N,103:55:50.473022,E,11.867676, 092451.0,141217,0.000000,78,210157220
1:22:21.634941,N,103:55:50.225830,E,13.909485, 092452.0,141217,0.000000,81,210157220
1:22:21.092920,N,103:55:50.061035,E,12.802185, 092453.0,141217,0.000000,78,210157220
1:22:20.106726,N,103:55:49.841309,E,11.438477, 092454.0,141217,0.000000,84,210157220
1:22:19.332533,N,103:55:49.731445,E,12.641968, 092455.0,141217,0.000000,84,210157220
1:22:18.551474,N,103:55:49.649048,E,12.419922, 092456.0,141217,0.000000,84,210157220
1:22:17.793589,N,103:55:49.594116,E,13.046875, 092457.0,141217,0.000000,84,210157220
1:22:17.041283,N,103:55:49.594116,E,13.210449, 092458.0,141217,0.000000,84,210157220
1:22:16.303997,N,103:55:49.621582,E,13.436340, 092459.0,141217,0.000000,81,210157220
1:22:15.613489,N,103:55:49.703979,E,13.476013, 092500.0,141217,0.000000,80,210157220
1:22:14.920406,N,103:55:49.786377,E,12.261841, 092501.0,141217,0.000000,79,210157220
1:22:14.188271,N,103:55:49.896240,E,12.044495, 092502.0,141217,0.000000,79,210157220
1:22:13.449268,N,103:55:50.006104,E,11.797607, 092503.0,141217,0.000000,80,210157220
1:22:12.770348,N,103:55:50.088501,E,12.173462, 092504.0,141217,0.000000,77,210157220
1:22:12.247639,N,103:55:50.308228,E,12.535645, 092505.0,141217,0.000000,73,210157220
1:22:11.703901,N,103:55:50.418091,E,12.814514, 092506.0,141217,0.000000,67,210157220
1:22:11.160164,N,103:55:50.500488,E,13.008606, 092507.0,141217,0.000000,62,210157220
1:22:10.738735,N,103:55:50.500488,E,11.739075, 092508.0,141217,0.000000,55,210157220
1:22:10.292845,N,103:55:50.555420,E,11.910706, 092509.0,141217,0.000000,52,210157220
1:22:9.961109,N,103:55:50.637817,E,11.648560, 092510.0,141217,0.000000,45,210157220
1:22:9.625082,N,103:55:50.692749,E,11.318848, 092511.0,141217,0.000000,42,210157220
1:22:9.455996,N,103:55:50.692749,E,11.519165, 092512.0,141217,0.000000,30,210157220
1:22:9.387760,N,103:55:50.720215,E,11.721069, 092513.0,141217,0.000000,21,210157220
1:22:9.388189,N,103:55:50.720215,E,11.815186, 092514.0,141217,0.000000,3,210157220
1:22:9.388189,N,103:55:50.720215,E,12.035767, 092515.0,141217,0.000000,0,210157220
1:22:9.388189,N,103:55:50.720215,E,12.283997, 092516.0,141217,0.000000,0,210157220
1:22:9.388189,N,103:55:50.720215,E,12.321533, 092517.0,141217,0.000000,0,210157220
1:22:9.388189,N,103:55:50.720215,E,12.439880, 092518.0,141217,0.000000,0,210157220
1:22:9.388189,N,103:55:50.720215,E,12.207214, 092519.0,141217,0.000000,0,210157220
1:22:9.388189,N,103:55:50.720215,E,11.950012, 092520.0,141217,0.000000,0,210157220
1:22:9.388189,N,103:55:50.720215,E,11.553406, 092521.0,141217,0.000000,0,210157220
1:22:9.387331,N,103:55:50.720215,E,11.270142, 092522.0,141217,0.000000,0,210157220
1:22:9.387331,N,103:55:50.720215,E,11.149170, 092523.0,141217,0.000000,0,210157220
1:22:9.387331,N,103:55:50.720215,E,11.211853, 092524.0,141217,0.000000,0,210157220
1:22:9.387331,N,103:55:50.720215,E,11.389893, 092525.0,141217,0.000000,0,210157220
1:22:9.387331,N,103:55:50.720215,E,11.454712, 092526.0,141217,0.000000,0,210157220
1:22:9.387331,N,103:55:50.720215,E,11.272461, 092527.0,141217,0.000000,0,210157220
1:22:9.387331,N,103:55:50.720215,E,11.519348, 092528.0,141217,0.000000,0,210157220
1:22:9.387331,N,103:55:50.720215,E,11.641052, 092529.0,141217,0.000000,0,210157220
1:22:9.387331,N,103:55:50.720215,E,11.700500, 092530.0,141217,0.000000,0,210157220
1:22:9.387331,N,103:55:50.720215,E,11.874329, 092531.0,141217,0.000000,0,210157220
1:22:9.387331,N,103:55:50.720215,E,11.897339, 092532.0,141217,0.000000,0,210157220
1:22:9.387331,N,103:55:50.720215,E,11.895203, 092533.0,141217,0.000000,0,210157220
1:22:9.387331,N,103:55:50.720215,E,11.905334, 092534.0,141217,0.000000,0,210157220
1:22:9.387331,N,103:55:50.720215,E,11.903076, 092535.0,141217,0.000000,0,210157220
1:22:9.387331,N,103:55:50.720215,E,11.904480, 092536.0,141217,0.000000,0,210157220
1:22:9.387331,N,103:55:50.720215,E,11.907410, 092537.0,141217,0.000000,0,210157220
1:22:9.387331,N,103:55:50.720215,E,11.906860, 092538.0,141217,0.000000,0,210157220
1:22:9.387331,N,103:55:50.720215,E,11.908752, 092539.0,141217,0.000000,0,210157220
1:22:9.387331,N,103:55:50.720215,E,11.908203, 092540.0,141217,0.000000,0,210157220
1:22:9.387331,N,103:55:50.720215,E,11.906616, 092541.0,141217,0.000000,0,210157220
1:22:9.387331,N,103:55:50.720215,E,11.912720, 092542.0,141217,0.000000,0,210157220
1:22:9.387331,N,103:55:50.720215,E,11.923218, 092544.0,141217,0.000000,0,210157220
1:22:9.387331,N,103:55:50.720215,E,11.923218, 092544.0,141217,0.000000,0,210157220
1:22:9.387331,N,103:55:50.720215,E,11.923218, 092544.0,141217,0.000000,0,210157220
1:22:9.163313,N,103:55:50.747681,E,11.914490, 092546.0,141217,0.000000,0,-10
1:22:9.163313,N,103:55:50.747681,E,11.914124, 092547.0,141217,0.000000,0,210157220
1:22:9.163313,N,103:55:50.747681,E,11.911865, 092548.0,141217,0.000000,0,210157220
1:22:9.163313,N,103:55:50.747681,E,11.911621, 092549.0,141217,0.000000,0,210157220
1:22:9.163313,N,103:55:50.747681,E,11.909363, 092550.0,141217,0.000000,0,210157220
1:22:9.163313,N,103:55:50.747681,E,11.912537, 092551.0,141217,0.000000,0,210157220
1:22:9.163313,N,103:55:50.747681,E,11.917175, 092552.0,141217,0.000000,0,210157220
1:22:9.163313,N,103:55:50.747681,E,11.920166, 092553.0,141217,0.000000,0,210157220
1:22:9.163313,N,103:55:50.747681,E,11.919922, 092554.0,141217,0.000000,0,210157220
1:22:9.163313,N,103:55:50.747681,E,11.917236, 092555.0,141217,0.000000,0,210157220
1:22:9.163313,N,103:55:50.747681,E,11.915222, 092556.0,141217,0.000000,0,210157220
1:22:9.118681,N,103:55:50.720215,E,11.899536, 092557.0,141217,0.000000,0,210157220
1:22:9.091215,N,103:55:50.720215,E,12.525085, 092558.0,141217,0.000000,0,210157220
1:22:8.987360,N,103:55:50.775146,E,13.841736, 092559.0,141217,0.000000,3,-10
1:22:8.811836,N,103:55:50.775146,E,14.012024, 092600.0,141217,0.000000,11,-10
1:22:8.595114,N,103:55:50.665283,E,15.772156, 092601.0,141217,0.000000,22,210157224
1:22:7.968121,N,103:55:50.802612,E,15.254395, 092602.0,141217,0.000000,35,210157224
1:22:7.496052,N,103:55:50.912476,E,12.997498, 092603.0,141217,0.000000,42,210060452
1:22:7.038574,N,103:55:50.967407,E,14.131897, 092604.0,141217,0.000000,47,210060452
1:22:6.494837,N,103:55:51.022339,E,14.809387, 092605.0,141217,0.000000,52,210060452
1:22:5.915051,N,103:55:51.077271,E,14.340820, 092606.0,141217,0.000000,56,210060452
1:22:5.292778,N,103:55:51.159668,E,14.763550, 092607.0,141217,0.000000,61,210060452
1:22:4.682522,N,103:55:51.214600,E,16.116211, 092608.0,141217,0.000000,62,210060452
1:22:4.054670,N,103:55:51.269531,E,15.985718, 092609.0,141217,0.000000,64,210060452
1:22:3.512650,N,103:55:51.324463,E,17.141724, 092610.0,141217,0.000000,61,210060452
1:22:2.946167,N,103:55:51.379395,E,17.084961, 092611.0,141217,0.000000,58,210060452
1:22:2.422171,N,103:55:51.406860,E,16.901245, 092612.0,141217,0.000000,55,210060452
1:22:2.003317,N,103:55:51.434326,E,16.909424, 092613.0,141217,0.000000,51,210060452
1:22:1.638966,N,103:55:51.434326,E,17.314026, 092614.0,141217,0.000000,45,210060452
1:22:1.293068,N,103:55:51.461792,E,17.871155, 092615.0,141217,0.000000,39,210060452
1:22:1.031713,N,103:55:51.461792,E,18.977844, 092616.0,141217,0.000000,33,210060452
1:22:0.850182,N,103:55:51.461792,E,19.231384, 092617.0,141217,0.000000,24,210060452
1:22:0.734310,N,103:55:51.461792,E,18.795715, 092618.0,141217,0.000000,18,210060452
1:22:0.633888,N,103:55:51.461792,E,19.483643, 092619.0,141217,0.000000,15,210060452
1:22:0.554924,N,103:55:51.461792,E,18.811890, 092620.0,141217,0.000000,3,210060452
1:22:0.494413,N,103:55:51.461792,E,19.297974, 092621.0,141217,0.000000,0,210060452
1:22:0.462656,N,103:55:51.461792,E,19.213013, 092622.0,141217,0.000000,0,210060452
1:22:0.351505,N,103:55:51.461792,E,19.331177, 092623.0,141217,0.000000,8,-10
1:22:0.184565,N,103:55:51.461792,E,19.262146, 092624.0,141217,0.000000,13,-10
1:22:0.012045,N,103:55:51.461792,E,19.127869, 092625.0,141217,0.000000,14,210060452
1:21:59.829224,N,103:55:51.461792,E,18.561646, 092626.0,141217,0.000000,15,210060452
1:21:59.578171,N,103:55:51.461792,E,18.652710, 092627.0,141217,0.000000,21,210060452
1:21:59.343422,N,103:55:51.461792,E,18.695801, 092628.0,141217,0.000000,24,210060452
1:21:59.058037,N,103:55:51.461792,E,18.202942, 092629.0,141217,0.000000,26,210060452
1:21:58.720291,N,103:55:51.434326,E,18.013977, 092630.0,141217,0.000000,29,210060452
1:21:58.399284,N,103:55:51.434326,E,17.935852, 092631.0,141217,0.000000,33,210060452
1:21:58.014336,N,103:55:51.434326,E,18.083862, 092632.0,141217,0.000000,37,210060452
1:21:57.855980,N,103:55:51.434326,E,18.390015, 092633.0,141217,0.000000,36,210060456
1:21:57.223835,N,103:55:51.461792,E,18.367859, 092634.0,141217,0.000000,44,210060456
1:21:56.808846,N,103:55:51.434326,E,18.836914, 092635.0,141217,0.000000,44,210060456
1:21:56.375397,N,103:55:51.434326,E,18.668823, 092636.0,141217,0.000000,47,210060456
1:21:55.921783,N,103:55:51.406860,E,18.842529, 092637.0,141217,0.000000,47,210060456
1:21:55.436840,N,103:55:51.489258,E,19.039063, 092638.0,141217,0.000000,51,210060456
1:21:54.952755,N,103:55:51.489258,E,19.289185, 092639.0,141217,0.000000,53,210060456
1:21:54.370823,N,103:55:51.489258,E,18.048889, 092640.0,141217,0.000000,56,210060456
1:21:53.826656,N,103:55:51.489258,E,18.352783, 092641.0,141217,0.000000,57,210060456
1:21:53.273907,N,103:55:51.489258,E,17.567932, 092642.0,141217,0.000000,57,210060456
1:21:52.731026,N,103:55:51.489258,E,16.494263, 092643.0,141217,0.000000,55,210060456
1:21:52.259819,N,103:55:51.489258,E,16.512817, 092644.0,141217,0.000000,55,210060456
1:21:51.728523,N,103:55:51.516724,E,16.642822, 092645.0,141217,0.000000,57,210060456
1:21:51.231567,N,103:55:51.516724,E,17.041382, 092646.0,141217,0.000000,55,210060456
1:21:50.674095,N,103:55:51.516724,E,17.093445, 092647.0,141217,0.000000,56,210060456
1:21:50.190010,N,103:55:51.516724,E,16.845032, 092648.0,141217,0.000000,52,210060456
1:21:49.774590,N,103:55:51.516724,E,16.968567, 092649.0,141217,0.000000,50,210060456
1:21:49.338142,N,103:55:51.516724,E,16.522095, 092650.0,141217,0.000000,49,210060456
1:21:48.898258,N,103:55:51.516724,E,15.981506, 092651.0,141217,0.000000,46,210060456
1:21:48.472107,N,103:55:51.516724,E,15.708191, 092652.0,141217,0.000000,46,210060456
1:21:48.079002,N,103:55:51.516724,E,15.643311, 092653.0,141217,0.000000,45,210060456
1:21:47.669594,N,103:55:51.516724,E,15.761719, 092654.0,141217,0.000000,45,210060456
1:21:47.258461,N,103:55:51.516724,E,15.007080, 092655.0,141217,0.000000,47,210060456
1:21:46.825447,N,103:55:51.516724,E,14.884949, 092656.0,141217,0.000000,47,210060456
1:21:46.392860,N,103:55:51.516724,E,14.332642, 092657.0,141217,0.000000,47,210060456
1:21:45.942249,N,103:55:51.516724,E,14.857849, 092658.0,141217,0.000000,49,210060456
1:21:45.463745,N,103:55:51.516724,E,14.792419, 092659.0,141217,0.000000,49,210060456
1:21:45.032444,N,103:55:51.516724,E,15.032715, 092700.0,141217,0.000000,47,210060456
1:21:44.598572,N,103:55:51.516724,E,15.478760, 092701.0,141217,0.000000,45,210060456
1:21:44.204178,N,103:55:51.516724,E,15.826172, 092702.0,141217,0.000000,44,210060456
1:21:43.807640,N,103:55:51.516724,E,15.750793, 092703.0,141217,0.000000,43,210060456
1:21:43.416252,N,103:55:51.516724,E,15.653137, 092704.0,141217,0.000000,42,210167456
1:21:43.047180,N,103:55:51.516724,E,16.461365, 092705.0,141217,0.000000,41,210167456
1:21:42.650642,N,103:55:51.516724,E,17.375854, 092706.0,141217,0.000000,43,210167456
1:21:42.250244,N,103:55:51.516724,E,17.514404, 092707.0,141217,0.000000,41,210167456
1:21:41.874733,N,103:55:51.516724,E,18.017578, 092708.0,141217,0.000000,41,210167456
1:21:41.509094,N,103:55:51.516724,E,17.573242, 092709.0,141217,0.000000,39,210167456
1:21:41.176071,N,103:55:51.516724,E,17.377930, 092710.0,141217,0.000000,36,210167456
1:21:40.929737,N,103:55:51.516724,E,17.166077, 092711.0,141217,0.000000,32,210167456
1:21:40.673531,N,103:55:51.516724,E,17.288391, 092712.0,141217,0.000000,29,210167456
1:21:40.459816,N,103:55:51.516724,E,17.397461, 092713.0,141217,0.000000,26,210167456
1:21:40.286007,N,103:55:51.516724,E,17.577576, 092714.0,141217,0.000000,20,210167456
1:21:40.153828,N,103:55:51.516724,E,17.320496, 092715.0,141217,0.000000,18,210167456
1:21:40.028515,N,103:55:51.516724,E,17.299866, 092716.0,141217,0.000000,17,210167456
1:21:39.916504,N,103:55:51.516724,E,17.201599, 092717.0,141217,0.000000,14,210167456
1:21:39.829388,N,103:55:51.516724,E,17.841187, 092718.0,141217,0.000000,11,210167456
1:21:39.783039,N,103:55:51.516724,E,18.087158, 092719.0,141217,0.000000,0,210167456
1:21:39.779606,N,103:55:51.516724,E,18.554565, 092720.0,141217,0.000000,0,210167456
1:21:39.780891,N,103:55:51.516724,E,18.611084, 092721.0,141217,0.000000,0,210167456
1:21:39.784325,N,103:55:51.516724,E,18.378784, 092722.0,141217,0.000000,0,210167456
1:21:39.752571,N,103:55:51.516724,E,18.839050, 092723.0,141217,0.000000,0,210167456
1:21:39.679184,N,103:55:51.516724,E,18.799622, 092724.0,141217,0.000000,3,210167456
1:21:39.558163,N,103:55:51.516724,E,19.077148, 092725.0,141217,0.000000,7,-10
1:21:39.421692,N,103:55:51.516724,E,19.168030, 092726.0,141217,0.000000,10,210167456
1:21:39.235439,N,103:55:51.544189,E,19.170654, 092727.0,141217,0.000000,14,210167456
1:21:39.007130,N,103:55:51.544189,E,18.890686, 092728.0,141217,0.000000,20,210167456
1:21:38.762085,N,103:55:51.544189,E,18.817688, 092729.0,141217,0.000000,24,210167456
1:21:38.454811,N,103:55:51.544189,E,18.637573, 092730.0,141217,0.000000,27,210167456
1:21:38.153114,N,103:55:51.544189,E,18.736633, 092731.0,141217,0.000000,29,210167456
1:21:37.819233,N,103:55:51.516724,E,18.916077, 092732.0,141217,0.000000,32,210167456
1:21:37.521400,N,103:55:51.516724,E,18.875244, 092733.0,141217,0.000000,33,210167456
1:21:37.114563,N,103:55:51.544189,E,18.601624, 092734.0,141217,0.000000,35,210167456
1:21:36.739483,N,103:55:51.516724,E,18.751282, 092735.0,141217,0.000000,38,210144856
1:21:36.369553,N,103:55:51.489258,E,18.782715, 092736.0,141217,0.000000,40,210144856
1:21:35.953705,N,103:55:51.434326,E,18.957214, 092737.0,141217,0.000000,41,210144856
1:21:35.519402,N,103:55:51.351929,E,18.850464, 092738.0,141217,0.000000,42,210144856
1:21:35.131874,N,103:55:51.296997,E,19.040222, 092739.0,141217,0.000000,43,210144856
1:21:34.749928,N,103:55:51.214600,E,19.093140, 092740.0,141217,0.000000,41,210144856
1:21:34.372704,N,103:55:51.132202,E,18.973267, 092741.0,141217,0.000000,42,210144856
1:21:33.961571,N,103:55:51.077271,E,19.185059, 092742.0,141217,0.000000,43,210144856
1:21:33.543148,N,103:55:50.994873,E,19.104309, 092743.0,141217,0.000000,46,210144856
1:21:33.093826,N,103:55:50.885010,E,19.051514, 092744.0,141217,0.000000,47,210144856
1:21:32.634201,N,103:55:50.802612,E,19.217712, 092745.0,141217,0.000000,49,210144856
1:21:32.192604,N,103:55:50.692749,E,19.127441, 092746.0,141217,0.000000,49,210144856
1:21:31.732550,N,103:55:50.582886,E,19.286316, 092747.0,141217,0.000000,49,210144856
1:21:31.294384,N,103:55:50.418091,E,18.601135, 092748.0,141217,0.000000,50,210144856
1:21:30.872526,N,103:55:50.225830,E,19.061584, 092749.0,141217,0.000000,48,210144856
1:21:30.495300,N,103:55:50.061035,E,19.327637, 092750.0,141217,0.000000,45,210144856
1:21:30.160990,N,103:55:49.923706,E,18.923828, 092751.0,141217,0.000000,43,210144856
1:21:29.812517,N,103:55:49.786377,E,18.815918, 092752.0,141217,0.000000,42,210144856
1:21:29.456320,N,103:55:49.621582,E,18.783325, 092753.0,141217,0.000000,42,210144856
1:21:29.115143,N,103:55:49.456787,E,18.714478, 092754.0,141217,0.000000,42,210173984
1:21:28.752937,N,103:55:49.237061,E,18.741638, 092755.0,141217,0.000000,43,210173984
1:21:28.364553,N,103:55:49.072266,E,18.499573, 092756.0,141217,0.000000,46,210173984
1:21:27.965012,N,103:55:48.880005,E,18.566711, 092757.0,141217,0.000000,46,210060464
1:21:27.557745,N,103:55:48.660278,E,18.258423, 092758.0,141217,0.000000,48,210174004
1:21:27.133312,N,103:55:48.413086,E,18.337524, 092759.0,141217,0.000000,52,210174004
1:21:26.675835,N,103:55:48.165894,E,18.201416, 092800.0,141217,0.000000,53,210174004
1:21:26.224365,N,103:55:47.918701,E,18.161865, 092801.0,141217,0.000000,53,210174004
1:21:25.768604,N,103:55:47.671509,E,18.408203, 092802.0,141217,0.000000,56,210174004
1:21:25.290527,N,103:55:47.396851,E,17.589111, 092803.0,141217,0.000000,56,210174004
1:21:24.800005,N,103:55:47.122192,E,17.479492, 092804.0,141217,0.000000,58,210174004
1:21:24.327507,N,103:55:46.875000,E,16.654053, 092805.0,141217,0.000000,58,210174004
1:21:23.836985,N,103:55:46.600342,E,16.232422, 092806.0,141217,0.000000,60,210174004
1:21:23.349895,N,103:55:46.325684,E,15.778015, 092807.0,141217,0.000000,60,210174004
1:21:22.863235,N,103:55:46.051025,E,15.266174, 092808.0,141217,0.000000,59,210174004
1:21:22.367563,N,103:55:45.776367,E,15.252014, 092809.0,141217,0.000000,59,210174004
1:21:21.889057,N,103:55:45.501709,E,15.458496, 092810.0,141217,0.000000,59,210174004
1:21:21.396389,N,103:55:45.227051,E,15.383484, 092811.0,141217,0.000000,59,210174004
1:21:20.926895,N,103:55:44.979858,E,15.445923, 092812.0,141217,0.000000,59,210174004
1:21:20.446672,N,103:55:44.705200,E,15.348450, 092813.0,141217,0.000000,61,210174004
1:21:19.955292,N,103:55:44.430542,E,15.060303, 092814.0,141217,0.000000,61,210174004
1:21:19.465199,N,103:55:44.155884,E,15.074951, 092815.0,141217,0.000000,61,210174004
1:21:18.951931,N,103:55:43.881226,E,15.133972, 092816.0,141217,0.000000,61,210174004
1:21:18.462696,N,103:55:43.606567,E,15.375549, 092817.0,141217,0.000000,61,210174004
1:21:18.137398,N,103:55:43.414307,E,15.328857, 092818.0,141217,0.000000,58,210174004
1:21:17.467060,N,103:55:43.057251,E,14.180664, 092819.0,141217,0.000000,63,210174004
1:21:16.963234,N,103:55:42.782593,E,14.348206, 092820.0,141217,0.000000,62,210167384
1:21:16.407051,N,103:55:42.507935,E,14.256531, 092821.0,141217,0.000000,65,210167384
1:21:15.901937,N,103:55:42.233276,E,14.412537, 092822.0,141217,0.000000,65,210167384
1:21:15.386095,N,103:55:41.958618,E,14.607300, 092823.0,141217,0.000000,64,210167384
1:21:14.856949,N,103:55:41.656494,E,14.497253, 092824.0,141217,0.000000,65,210167384
1:21:14.341965,N,103:55:41.381836,E,13.836670, 092825.0,141217,0.000000,63,210167384
1:21:13.842859,N,103:55:41.107178,E,13.872314, 092826.0,141217,0.000000,62,210167384
1:21:13.322725,N,103:55:40.832520,E,13.250122, 092827.0,141217,0.000000,62,210167384
1:21:12.815895,N,103:55:40.557861,E,13.621521, 092828.0,141217,0.000000,62,210167384
1:21:12.303915,N,103:55:40.283203,E,13.384155, 092829.0,141217,0.000000,62,210167384
1:21:11.796227,N,103:55:40.008545,E,13.656677, 092830.0,141217,0.000000,62,210167384
1:21:11.291971,N,103:55:39.733887,E,14.303223, 092831.0,141217,0.000000,62,210167384
1:21:10.766687,N,103:55:39.459229,E,14.443054, 092832.0,141217,0.000000,62,210167384
1:21:10.240974,N,103:55:39.184570,E,14.682983, 092833.0,141217,0.000000,65,210167384
1:21:9.719124,N,103:55:38.909912,E,14.860291, 092834.0,141217,0.000000,65,210167384
1:21:9.182682,N,103:55:38.635254,E,15.234436, 092835.0,141217,0.000000,65,210167384
1:21:8.650103,N,103:55:38.360596,E,15.359131, 092836.0,141217,0.000000,65,210167384
1:21:8.099070,N,103:55:38.058472,E,15.048950, 092837.0,141217,0.000000,65,210167384
1:21:7.549324,N,103:55:37.756348,E,13.904663, 092838.0,141217,0.000000,66,210167384
1:21:7.004299,N,103:55:37.481689,E,13.962830, 092839.0,141217,0.000000,67,210167384
1:21:6.436958,N,103:55:37.179565,E,13.671570, 092840.0,141217,0.000000,68,210167384
1:21:5.973902,N,103:55:36.932373,E,13.983459, 092841.0,141217,0.000000,67,210167384
1:21:5.327168,N,103:55:36.575317,E,14.166016, 092842.0,141217,0.000000,69,210167384
1:21:4.714766,N,103:55:36.245728,E,13.743469, 092843.0,141217,0.000000,70,210167384
1:21:4.159441,N,103:55:35.943604,E,13.874817, 092844.0,141217,0.000000,69,210167384
1:21:3.621712,N,103:55:35.641479,E,14.153748, 092845.0,141217,0.000000,68,210167384
1:21:3.020897,N,103:55:35.476685,E,14.510010, 092846.0,141217,0.000000,67,210167384
1:21:2.487030,N,103:55:35.202026,E,14.877258, 092847.0,141217,0.000000,67,210167384
1:21:1.953163,N,103:55:34.899902,E,15.120056, 092848.0,141217,0.000000,66,210060468
1:21:1.440754,N,103:55:34.597778,E,15.560913, 092849.0,141217,0.000000,66,500000102
1:21:0.941648,N,103:55:34.323120,E,15.707825, 092850.0,141217,0.000000,65,210060476
1:21:0.418081,N,103:55:34.020996,E,15.681274, 092851.0,141217,0.000000,65,210060476
1:20:59.904385,N,103:55:33.746338,E,16.099976, 092852.0,141217,0.000000,65,210060480
1:20:59.372665,N,103:55:33.444214,E,16.147339, 092853.0,141217,0.000000,65,210060480
1:20:58.876991,N,103:55:33.169556,E,15.706177, 092854.0,141217,0.000000,65,210060480
1:20:58.338402,N,103:55:32.894897,E,15.398804, 092855.0,141217,0.000000,65,210060480
1:20:57.791233,N,103:55:32.565308,E,15.603821, 092856.0,141217,0.000000,66,210060480
1:20:57.308865,N,103:55:32.263184,E,17.177673, 092857.0,141217,0.000000,65,210060480
1:20:56.815338,N,103:55:31.933594,E,16.950378, 092858.0,141217,0.000000,65,210060480
1:20:56.302498,N,103:55:31.549072,E,17.497925, 092859.0,141217,0.000000,67,210060480
1:20:55.799530,N,103:55:31.164551,E,15.981689, 092900.0,141217,0.000000,67,210060480
1:20:55.344627,N,103:55:30.752563,E,15.797791, 092901.0,141217,0.000000,68,210167496
1:20:54.852821,N,103:55:30.313110,E,15.203064, 092902.0,141217,0.000000,70,210167496
1:20:54.852821,N,103:55:30.313110,E,15.203064, 092902.0,141217,0.000000,70,210167496
1:20:54.421520,N,103:55:29.763794,E,15.717041, 092903.0,141217,0.000000,74,210167496
1:20:46.448280,N,103:55:12.680054,E,26.682434, 092931.0,141217,0.000000,66,210167496
1:20:46.206238,N,103:55:12.158203,E,27.415405, 092932.0,141217,0.000000,65,210018080
1:20:45.941448,N,103:55:11.663818,E,28.015076, 092933.0,141217,0.000000,64,210018080
1:20:45.662071,N,103:55:11.141968,E,28.514709, 092934.0,141217,0.000000,65,210018080
1:20:45.359516,N,103:55:10.647583,E,29.002136, 092935.0,141217,0.000000,66,210018080
1:20:45.028210,N,103:55:10.098267,E,29.567627, 092936.0,141217,0.000000,66,210018080
1:20:44.686172,N,103:55:9.576416,E,29.973083, 092937.0,141217,0.000000,68,210018080
1:20:44.325684,N,103:55:9.082031,E,30.029602, 092938.0,141217,0.000000,70,210018080
1:20:43.915413,N,103:55:8.532715,E,30.063354, 092939.0,141217,0.000000,71,210018080
1:20:43.492699,N,103:55:8.010864,E,29.973267, 092940.0,141217,0.000000,71,210018080
1:20:43.060112,N,103:55:7.489014,E,29.950012, 092941.0,141217,0.000000,72,210018080
1:20:42.617653,N,103:55:6.994629,E,29.851135, 092942.0,141217,0.000000,74,210018080
1:20:42.161034,N,103:55:6.472778,E,29.767822, 092943.0,141217,0.000000,75,210018080
1:20:41.688110,N,103:55:5.923462,E,29.645996, 092944.0,141217,0.000000,76,210018080
1:20:41.239212,N,103:55:5.401611,E,29.453613, 092945.0,141217,0.000000,75,210018080
1:20:40.816498,N,103:55:4.907227,E,29.378357, 092946.0,141217,0.000000,73,210018080
1:20:40.366318,N,103:55:4.385376,E,29.444824, 092947.0,141217,0.000000,73,210018080
1:20:39.934158,N,103:55:3.890991,E,29.405823, 092948.0,141217,0.000000,73,210018080
1:20:39.517879,N,103:55:3.396606,E,29.386536, 092949.0,141217,0.000000,73,210018080
1:20:39.097740,N,103:55:2.902222,E,29.449768, 092950.0,141217,0.000000,72,210018080
1:20:38.673306,N,103:55:2.435303,E,29.495117, 092951.0,141217,0.000000,69,210018080
1:20:38.233852,N,103:55:1.940918,E,29.062500, 092952.0,141217,0.000000,70,210018080
1:20:37.806847,N,103:55:1.501465,E,29.057434, 092953.0,141217,0.000000,69,210018080
1:20:37.351513,N,103:55:1.062012,E,28.682312, 092954.0,141217,0.000000,69,210018080
1:20:36.871292,N,103:55:0.622559,E,28.730469, 092955.0,141217,0.000000,69,210018080
1:20:36.373043,N,103:55:0.183105,E,29.001038, 092956.0,141217,0.000000,72,210018080
1:20:35.850334,N,103:54:59.771118,E,29.541748, 092957.0,141217,0.000000,72,210018080
1:20:35.318611,N,103:54:59.359131,E,29.739624, 092958.0,141217,0.000000,74,210018080
1:20:34.751274,N,103:54:58.947144,E,30.113770, 092959.0,141217,0.000000,75,210018080
1:20:34.141445,N,103:54:58.562622,E,30.885559, 093000.0,141217,0.000000,75,210018080
1:20:33.535912,N,103:54:58.205566,E,30.774902, 093001.0,141217,0.000000,77,210018080
1:20:32.928230,N,103:54:57.848511,E,30.791260, 093002.0,141217,0.000000,76,210018080
1:20:32.308533,N,103:54:57.491455,E,30.916260, 093003.0,141217,0.000000,76,210018084
1:20:31.725740,N,103:54:57.161865,E,30.666382, 093004.0,141217,0.000000,74,210018084
1:20:31.142950,N,103:54:56.832275,E,30.290710, 093005.0,141217,0.000000,73,210018084
1:20:30.558014,N,103:54:56.475220,E,29.884338, 093006.0,141217,0.000000,73,210018084
1:20:29.991102,N,103:54:56.145630,E,29.194458, 093007.0,141217,0.000000,75,210018084
1:20:29.991102,N,103:54:56.145630,E,29.194458, 093007.0,141217,0.000000,75,210018084
1:20:28.816509,N,103:54:55.404053,E,27.965210, 093009.0,141217,0.000000,75,210018084
1:20:28.208828,N,103:54:54.992065,E,27.390991, 093010.0,141217,0.000000,78,210018084
1:20:27.599430,N,103:54:54.580078,E,27.953369, 093011.0,141217,0.000000,78,210018084
1:20:26.995182,N,103:54:54.168091,E,27.476196, 093012.0,141217,0.000000,79,210018084
1:20:26.391363,N,103:54:53.701172,E,26.959290, 093013.0,141217,0.000000,79,210018084
1:20:25.836468,N,103:54:53.261719,E,26.625122, 093014.0,141217,0.000000,79,210018084
1:20:25.291443,N,103:54:52.767334,E,26.376831, 093015.0,141217,0.000000,81,210018084
1:20:24.745131,N,103:54:52.245483,E,26.021057, 093016.0,141217,0.000000,82,210018084
1:20:24.203539,N,103:54:51.723633,E,25.862549, 093017.0,141217,0.000000,82,210018084
1:20:23.716021,N,103:54:51.174316,E,25.809143, 093018.0,141217,0.000000,82,210018084
1:20:23.194599,N,103:54:50.570068,E,25.999023, 093019.0,141217,0.000000,83,210018084
1:20:22.724247,N,103:54:49.993286,E,25.949829, 093020.0,141217,0.000000,83,210018084
1:20:22.289515,N,103:54:49.389038,E,26.243713, 093021.0,141217,0.000000,83,210018084
1:20:21.880102,N,103:54:48.812256,E,26.468201, 093022.0,141217,0.000000,80,210018084
1:20:21.511459,N,103:54:48.235474,E,26.997009, 093023.0,141217,0.000000,79,210018084
1:20:21.160841,N,103:54:47.576294,E,27.532043, 093024.0,141217,0.000000,78,210018084
1:20:20.841551,N,103:54:46.917114,E,27.871826, 093025.0,141217,0.000000,78,210018084
1:20:20.538139,N,103:54:46.285400,E,28.083435, 093026.0,141217,0.000000,78,210018084
1:20:20.235157,N,103:54:45.681152,E,28.211975, 093027.0,141217,0.000000,74,210018084
1:20:19.942045,N,103:54:45.076904,E,28.511047, 093028.0,141217,0.000000,74,210018084
1:20:19.643784,N,103:54:44.472656,E,29.044922, 093029.0,141217,0.000000,74,210018084
1:20:19.356680,N,103:54:43.868408,E,29.237732, 093030.0,141217,0.000000,74,210018084
1:20:19.070435,N,103:54:43.291626,E,29.560791, 093031.0,141217,0.000000,73,210018084
1:20:18.773031,N,103:54:42.687378,E,29.872742, 093032.0,141217,0.000000,73,210018084
1:20:18.471336,N,103:54:42.083130,E,30.342041, 093033.0,141217,0.000000,73,210018084
1:20:18.187666,N,103:54:41.478882,E,30.615295, 093034.0,141217,0.000000,75,210018084
1:20:17.876101,N,103:54:40.847168,E,30.665527, 093035.0,141217,0.000000,76,210018084
1:20:17.561102,N,103:54:40.215454,E,30.820679, 093036.0,141217,0.000000,76,210018084
1:20:17.242670,N,103:54:39.556274,E,31.055298, 093037.0,141217,0.000000,77,210018084
1:20:16.943550,N,103:54:38.952026,E,30.639587, 093038.0,141217,0.000000,76,210018084
1:20:16.640139,N,103:54:38.320313,E,31.281311, 093039.0,141217,0.000000,76,210018084
1:20:16.347027,N,103:54:37.688599,E,31.932007, 093040.0,141217,0.000000,74,210018084
1:20:16.104126,N,103:54:37.111816,E,32.491455, 093041.0,141217,0.000000,71,210018084
1:20:15.853500,N,103:54:36.452637,E,32.811401, 093042.0,141217,0.000000,72,210018084
1:20:15.685701,N,103:54:35.930786,E,33.027649, 093043.0,141217,0.000000,68,210018084
1:20:15.533352,N,103:54:35.326538,E,33.459900, 093044.0,141217,0.000000,68,210018084
1:20:15.393448,N,103:54:34.804688,E,33.910461, 093045.0,141217,0.000000,64,210018084
1:20:15.257406,N,103:54:34.200439,E,34.433289, 093046.0,141217,0.000000,66,210018084
1:20:15.148830,N,103:54:33.651123,E,34.598938, 093047.0,141217,0.000000,65,210018084
1:20:15.052271,N,103:54:33.074341,E,34.925720, 093048.0,141217,0.000000,65,210018084
1:20:14.975023,N,103:54:32.497559,E,35.214111, 093049.0,141217,0.000000,63,210018084
1:20:14.914513,N,103:54:31.920776,E,35.659058, 093050.0,141217,0.000000,63,210018084
1:20:14.869022,N,103:54:31.343994,E,36.126709, 093051.0,141217,0.000000,63,210018084
1:20:14.838982,N,103:54:30.794678,E,36.441528, 093052.0,141217,0.000000,62,210018084
1:20:14.820528,N,103:54:30.217896,E,36.362793, 093053.0,141217,0.000000,62,210018084
1:20:14.821386,N,103:54:29.641113,E,36.304871, 093054.0,141217,0.000000,64,210018084
1:20:14.837265,N,103:54:29.064331,E,36.055054, 093055.0,141217,0.000000,64,210018084
1:20:14.871597,N,103:54:28.432617,E,36.530640, 093056.0,141217,0.000000,65,210018084
1:20:14.918804,N,103:54:27.855835,E,36.153198, 093057.0,141217,0.000000,65,210018084
1:20:14.972448,N,103:54:27.196655,E,36.143799, 093058.0,141217,0.000000,66,210018084
1:20:15.047121,N,103:54:26.647339,E,35.740234, 093059.0,141217,0.000000,65,210018084
1:20:15.149260,N,103:54:26.043091,E,35.759460, 093100.0,141217,0.000000,67,210018084
1:20:15.274143,N,103:54:25.411377,E,35.116882, 093101.0,141217,0.000000,69,210018084
1:20:15.411043,N,103:54:24.752197,E,33.609253, 093102.0,141217,0.000000,73,210018084
1:20:15.550089,N,103:54:24.065552,E,32.525391, 093103.0,141217,0.000000,75,210018084
1:20:15.702438,N,103:54:23.323975,E,31.585205, 093104.0,141217,0.000000,77,210018084
1:20:15.849638,N,103:54:22.609863,E,30.838562, 093105.0,141217,0.000000,78,210018084
1:20:15.993834,N,103:54:21.868286,E,29.735535, 093106.0,141217,0.000000,81,210018084
1:20:16.138887,N,103:54:21.099243,E,28.785950, 093107.0,141217,0.000000,83,210018084
1:20:16.288233,N,103:54:20.302734,E,28.027100, 093108.0,141217,0.000000,85,210018084
1:20:16.370201,N,103:54:19.561157,E,26.518188, 093109.0,141217,0.000000,84,210018084
1:20:16.279650,N,103:54:18.819580,E,25.423950, 093110.0,141217,0.000000,86,210018084
1:20:16.123009,N,103:54:17.940674,E,24.116943, 093111.0,141217,0.000000,89,210018084
1:20:16.104126,N,103:54:16.842041,E,22.711548, 093112.0,141217,0.000000,94,210018084
1:20:16.576195,N,103:54:15.715942,E,21.649048, 093113.0,141217,0.000000,99,210018084
1:20:16.960287,N,103:54:15.139160,E,20.859497, 093114.0,141217,0.000000,95,210018084
1:20:17.534065,N,103:54:14.534912,E,19.292786, 093115.0,141217,0.000000,93,210018084
1:20:17.809582,N,103:54:13.765869,E,17.821838, 093116.0,141217,0.000000,94,210018084
1:20:18.009138,N,103:54:12.969360,E,15.996582, 093117.0,141217,0.000000,94,210018088
1:20:18.172216,N,103:54:12.117920,E,15.145203, 093118.0,141217,0.000000,94,210018088
1:20:18.332291,N,103:54:11.321411,E,14.824585, 093119.0,141217,0.000000,93,210018088
1:20:18.498802,N,103:54:10.469971,E,14.138367, 093120.0,141217,0.000000,94,210018088
1:20:18.648148,N,103:54:9.645996,E,14.400513, 093121.0,141217,0.000000,94,210018088
1:20:18.835688,N,103:54:8.629761,E,30.631714, 093122.0,141217,0.000000,95,210018088
1:20:18.968725,N,103:54:7.888184,E,30.166687, 093123.0,141217,0.000000,92,210018088
1:20:19.110346,N,103:54:7.091675,E,29.842041, 093124.0,141217,0.000000,92,210018088
1:20:19.260120,N,103:54:6.267700,E,29.167603, 093125.0,141217,0.000000,91,210018088
1:20:19.415903,N,103:54:5.553589,E,28.946289, 093126.0,141217,0.000000,87,210018088
1:20:19.586277,N,103:54:4.812012,E,28.684937, 093127.0,141217,0.000000,85,210018088
1:20:19.764376,N,103:54:4.097900,E,28.749451, 093128.0,141217,0.000000,84,210018088
1:20:19.936466,N,103:54:3.383789,E,26.768677, 093129.0,141217,0.000000,81,210018088
1:20:20.075512,N,103:54:2.807007,E,24.429199, 093130.0,141217,0.000000,77,210018088
1:20:20.226574,N,103:54:2.202759,E,23.577454, 093131.0,141217,0.000000,76,210124392
1:20:20.654440,N,103:54:1.598511,E,22.493896, 093132.0,141217,0.000000,78,210124392
1:20:20.891762,N,103:54:0.884399,E,22.007935, 093133.0,141217,0.000000,79,210124392
1:20:21.155262,N,103:54:0.225220,E,21.831848, 093134.0,141217,0.000000,81,210124392
1:20:21.423912,N,103:53:59.538574,E,20.752319, 093135.0,141217,0.000000,81,210124392
1:20:21.732044,N,103:53:58.851929,E,19.883118, 093137.0,141217,0.000000,75,210124392
1:20:22.049618,N,103:53:58.137817,E,20.552795, 093138.0,141217,0.000000,79,210124392
1:20:22.377920,N,103:53:57.423706,E,19.662354, 093139.0,141217,0.000000,81,210124392
1:20:22.725964,N,103:53:56.682129,E,20.307983, 093140.0,141217,0.000000,83,210124392
1:20:23.122501,N,103:53:55.940552,E,22.191711, 093141.0,141217,0.000000,87,210124392
1:20:23.525476,N,103:53:55.226440,E,23.641479, 093142.0,141217,0.000000,88,210124392
1:20:23.935318,N,103:53:54.457397,E,25.111267, 093143.0,141217,0.000000,90,210124392
1:20:24.306536,N,103:53:53.770752,E,26.070068, 093144.0,141217,0.000000,89,210124392
1:20:24.555874,N,103:53:52.946777,E,26.503662, 093145.0,141217,0.000000,90,210124392
1:20:24.988461,N,103:53:52.232666,E,27.500916, 093146.0,141217,0.000000,91,210124392
1:20:25.420618,N,103:53:51.518555,E,29.698669, 093147.0,141217,0.000000,91,210148944
1:20:25.827456,N,103:53:50.804443,E,30.829529, 093148.0,141217,0.000000,90,210148944
1:20:26.252747,N,103:53:50.062866,E,31.634888, 093149.0,141217,0.000000,91,210148944
1:20:26.664734,N,103:53:49.321289,E,30.593994, 093150.0,141217,0.000000,91,210148944
1:20:27.038527,N,103:53:48.634644,E,29.597534, 093151.0,141217,0.000000,88,210148944
1:20:27.412319,N,103:53:47.947998,E,30.009399, 093152.0,141217,0.000000,87,210148944
1:20:27.780533,N,103:53:47.261353,E,30.064514, 093153.0,141217,0.000000,87,210148944
1:20:28.153896,N,103:53:46.547241,E,30.116577, 093154.0,141217,0.000000,87,210148944
1:20:28.531122,N,103:53:45.833130,E,30.251282, 093155.0,141217,0.000000,87,210148944
1:20:28.894615,N,103:53:45.119019,E,30.462036, 093156.0,141217,0.000000,89,210148944
1:20:29.273558,N,103:53:44.349976,E,30.461426, 093157.0,141217,0.000000,90,210148944
1:20:29.639626,N,103:53:43.608398,E,30.866089, 093158.0,141217,0.000000,90,210148944
1:20:30.005693,N,103:53:42.866821,E,31.726807, 093159.0,141217,0.000000,90,210148944
1:20:30.365324,N,103:53:42.125244,E,31.735413, 093200.0,141217,0.000000,90,210148944
1:20:30.727100,N,103:53:41.383667,E,31.262878, 093201.0,141217,0.000000,90,210148944
1:20:31.122780,N,103:53:40.642090,E,31.548950, 093202.0,141217,0.000000,91,210148944
1:20:31.560087,N,103:53:39.927979,E,32.498047, 093203.0,141217,0.000000,91,210148944
1:20:32.006409,N,103:53:39.241333,E,32.536011, 093204.0,141217,0.000000,91,210148944
1:20:32.463455,N,103:53:38.582153,E,31.895203, 093205.0,141217,0.000000,88,210148944
1:20:32.917931,N,103:53:37.922974,E,31.794128, 093206.0,141217,0.000000,88,210148944
1:20:33.378410,N,103:53:37.263794,E,31.901001, 093207.0,141217,0.000000,88,210148944
1:20:33.777954,N,103:53:36.714478,E,30.261353, 093208.0,141217,0.000000,84,210148944
1:20:34.207962,N,103:53:36.082764,E,30.319092, 093209.0,141217,0.000000,84,210148944
1:20:34.608795,N,103:53:35.451050,E,30.098877, 093210.0,141217,0.000000,83,210148944
1:20:34.919071,N,103:53:34.874268,E,28.337097, 093211.0,141217,0.000000,80,210148944
1:20:35.202312,N,103:53:34.242554,E,26.370483, 093212.0,141217,0.000000,79,210148944
1:20:35.445641,N,103:53:33.528442,E,26.191772, 093213.0,141217,0.000000,81,210148944
1:20:35.600136,N,103:53:32.814331,E,26.329712, 093214.0,141217,0.000000,79,210148944
1:20:35.704422,N,103:53:32.045288,E,26.270081, 093215.0,141217,0.000000,82,210148944
1:20:35.740898,N,103:53:31.303711,E,26.349182, 093216.0,141217,0.000000,82,210148944
1:20:35.721161,N,103:53:30.562134,E,26.691284, 093217.0,141217,0.000000,82,210148944
1:20:35.639618,N,103:53:29.738159,E,24.863708, 093218.0,141217,0.000000,85,210148944
1:20:35.452507,N,103:53:28.941650,E,25.218079, 093219.0,141217,0.000000,86,210148944
1:20:35.188580,N,103:53:28.145142,E,26.466553, 093220.0,141217,0.000000,87,210148944
1:20:34.928085,N,103:53:27.376099,E,27.133118, 093221.0,141217,0.000000,87,210148944
1:20:34.623814,N,103:53:26.469727,E,25.057495, 093222.0,141217,0.000000,92,210148944
1:20:34.359886,N,103:53:25.700684,E,25.448486, 093223.0,141217,0.000000,91,210148944
1:20:34.094238,N,103:53:24.904175,E,25.837891, 093224.0,141217,0.000000,91,210148944
1:20:33.832455,N,103:53:24.107666,E,26.810059, 093225.0,141217,0.000000,93,210148944
1:20:33.832455,N,103:53:24.107666,E,26.810059, 093225.0,141217,0.000000,93,210148944
1:20:33.557365,N,103:53:23.311157,E,26.601624, 093226.0,141217,0.000000,93,210148944
1:20:32.995178,N,103:53:21.718140,E,24.324890, 093228.0,141217,0.000000,91,210148944
1:20:32.705925,N,103:53:20.921631,E,22.937256, 093229.0,141217,0.000000,91,210148944
1:20:32.414101,N,103:53:20.180054,E,21.113892, 093230.0,141217,0.000000,93,210148944
1:20:32.063484,N,103:53:19.383545,E,21.374939, 093231.0,141217,0.000000,94,210148944
1:20:31.690550,N,103:53:18.614502,E,21.335815, 093232.0,141217,0.000000,93,210148944
1:20:31.278563,N,103:53:17.817993,E,21.189087, 093233.0,141217,0.000000,96,210148944
1:20:30.888033,N,103:53:17.076416,E,21.259216, 093234.0,141217,0.000000,94,210148944
1:20:30.472183,N,103:53:16.279907,E,21.540039, 093235.0,141217,0.000000,94,210148944
1:20:30.085516,N,103:53:15.565796,E,21.988159, 093236.0,141217,0.000000,94,210148944
1:20:29.677391,N,103:53:14.796753,E,22.071228, 093237.0,141217,0.000000,94,210148944
1:20:29.297161,N,103:53:14.082642,E,22.007813, 093238.0,141217,0.000000,91,210148944
1:20:28.777885,N,103:53:13.395996,E,21.508850, 093239.0,141217,0.000000,92,210148944
1:20:28.383923,N,103:53:12.681885,E,21.509521, 093240.0,141217,0.000000,91,210148944
1:20:28.076220,N,103:53:11.912842,E,19.405212, 093241.0,141217,0.000000,87,210148944
1:20:27.826452,N,103:53:11.143799,E,20.641846, 093242.0,141217,0.000000,87,210148944
1:20:27.562952,N,103:53:10.402222,E,20.762695, 093243.0,141217,0.000000,86,210148944
1:20:27.336788,N,103:53:9.688110,E,21.387573, 093244.0,141217,0.000000,85,210148944
1:20:27.124357,N,103:53:8.946533,E,21.591858, 093245.0,141217,0.000000,85,210148944
1:20:26.972437,N,103:53:8.287354,E,22.418762, 093246.0,141217,0.000000,81,210148944
1:20:26.902485,N,103:53:7.600708,E,22.497253, 093247.0,141217,0.000000,80,210148944
1:20:26.840687,N,103:53:6.859131,E,22.086365, 093248.0,141217,0.000000,79,210148944
1:20:26.781464,N,103:53:6.199951,E,22.721436, 093249.0,141217,0.000000,75,210148944
1:20:26.847553,N,103:53:5.540771,E,22.524597, 093250.0,141217,0.000000,72,210148944
1:20:26.906776,N,103:53:4.936523,E,21.622437, 093251.0,141217,0.000000,71,210148944
1:20:26.913643,N,103:53:4.332275,E,22.471497, 093252.0,141217,0.000000,70,210148944
1:20:26.962137,N,103:53:3.755493,E,23.204041, 093253.0,141217,0.000000,71,210148944
1:20:27.070713,N,103:53:3.123779,E,21.779358, 093254.0,141217,0.000000,71,210148944
1:20:27.218771,N,103:53:2.437134,E,20.664978, 093255.0,141217,0.000000,74,210148944
1:20:27.363396,N,103:53:1.750488,E,20.247620, 093256.0,141217,0.000000,75,210148948
1:20:27.550507,N,103:53:1.118774,E,18.666321, 093257.0,141217,0.000000,74,210148948
1:20:27.775383,N,103:53:0.541992,E,17.138672, 093258.0,141217,0.000000,74,210148948
1:20:27.974939,N,103:52:59.882813,E,16.451904, 093259.0,141217,0.000000,74,210148948
1:20:28.258610,N,103:52:59.360962,E,17.767212, 093300.0,141217,0.000000,70,210148948
1:20:28.556442,N,103:52:58.811646,E,19.500671, 093301.0,141217,0.000000,69,210148948
1:20:28.845692,N,103:52:58.234863,E,18.888733, 093302.0,141217,0.000000,69,210148948
1:20:29.109192,N,103:52:57.685547,E,18.969177, 093303.0,141217,0.000000,67,210148948
1:20:29.381275,N,103:52:57.163696,E,19.185425, 093304.0,141217,0.000000,66,210136572
1:20:29.641771,N,103:52:56.614380,E,20.313965, 093305.0,141217,0.000000,66,210136572
1:20:29.905272,N,103:52:56.065063,E,20.531311, 093306.0,141217,0.000000,66,210136572
1:20:30.097961,N,103:52:55.570679,E,18.257690, 093307.0,141217,0.000000,63,210136572
1:20:30.304384,N,103:52:55.131226,E,18.679443, 093308.0,141217,0.000000,58,210136572
1:20:30.486774,N,103:52:54.719238,E,17.349792, 093309.0,141217,0.000000,54,210136572
1:20:30.671310,N,103:52:54.252319,E,16.784973, 093310.0,141217,0.000000,53,210136572
1:20:30.900908,N,103:52:53.703003,E,16.635315, 093311.0,141217,0.000000,59,210136572
1:20:31.149387,N,103:52:53.153687,E,17.004639, 093312.0,141217,0.000000,61,210136572
1:20:31.408167,N,103:52:52.604370,E,17.545776, 093313.0,141217,0.000000,62,210140796
1:20:31.712437,N,103:52:52.164917,E,17.320435, 093314.0,141217,0.000000,61,210140796
1:20:31.984091,N,103:52:51.725464,E,17.786987, 093315.0,141217,0.000000,61,210140796
1:20:32.201672,N,103:52:51.203613,E,18.023254, 093316.0,141217,0.000000,59,210140796
1:20:32.441998,N,103:52:50.709229,E,18.509583, 093317.0,141217,0.000000,59,210140796
1:20:32.622673,N,103:52:50.242310,E,18.097290, 093318.0,141217,0.000000,56,210140796
1:20:32.821369,N,103:52:49.802856,E,17.315918, 093319.0,141217,0.000000,53,210140796
1:20:33.004616,N,103:52:49.418335,E,15.264160, 093320.0,141217,0.000000,52,210140796
1:20:33.166409,N,103:52:49.006348,E,15.068420, 093321.0,141217,0.000000,50,210140796
1:20:33.357811,N,103:52:48.621826,E,14.964844, 093322.0,141217,0.000000,49,210140796
1:20:33.565094,N,103:52:48.264771,E,14.980530, 093323.0,141217,0.000000,46,210140796
1:20:33.732033,N,103:52:47.935181,E,14.879150, 093324.0,141217,0.000000,45,210140796
1:20:33.939743,N,103:52:47.578125,E,14.703979, 093325.0,141217,0.000000,44,210140796
1:20:34.109688,N,103:52:47.193604,E,14.988281, 093326.0,141217,0.000000,45,210140796
1:20:34.279205,N,103:52:46.836548,E,14.835449, 093327.0,141217,0.000000,44,210140796
1:20:34.421684,N,103:52:46.479492,E,15.168091, 093328.0,141217,0.000000,43,210140796
1:20:34.579613,N,103:52:46.122437,E,15.226929, 093329.0,141217,0.000000,42,210140796
1:20:34.737968,N,103:52:45.792847,E,15.262329, 093330.0,141217,0.000000,41,210140796
1:20:34.915638,N,103:52:45.490723,E,15.410278, 093331.0,141217,0.000000,40,210140796
1:20:35.091164,N,103:52:45.188599,E,15.410889, 093332.0,141217,0.000000,38,210140796
1:20:35.229778,N,103:52:44.886475,E,15.628601, 093333.0,141217,0.000000,37,210140796
1:20:35.374832,N,103:52:44.556885,E,15.287964, 093334.0,141217,0.000000,35,210140796
1:20:35.511303,N,103:52:44.337158,E,15.139099, 093335.0,141217,0.000000,34,210140796
1:20:35.637901,N,103:52:44.117432,E,14.482727, 093336.0,141217,0.000000,31,210140796
1:20:35.782959,N,103:52:43.925171,E,14.454712, 093337.0,141217,0.000000,30,210140796
1:20:35.969639,N,103:52:43.677979,E,14.419922, 093338.0,141217,0.000000,30,210140796
1:20:36.123703,N,103:52:43.403320,E,15.102905, 093339.0,141217,0.000000,31,210140800
1:20:36.273479,N,103:52:43.183594,E,14.986755, 093340.0,141217,0.000000,30,210140800
1:20:36.397076,N,103:52:42.991333,E,14.651672, 093341.0,141217,0.000000,29,210140800
1:20:36.526253,N,103:52:42.771606,E,15.055786, 093342.0,141217,0.000000,27,210140800
1:20:36.639549,N,103:52:42.551880,E,14.106995, 093343.0,141217,0.000000,26,210140800
1:20:36.754131,N,103:52:42.304688,E,14.112915, 093344.0,141217,0.000000,27,210140800
1:20:36.889313,N,103:52:42.112427,E,14.496094, 093345.0,141217,0.000000,25,210140800
1:20:36.994457,N,103:52:41.920166,E,13.925415, 093346.0,141217,0.000000,26,210140800
1:20:37.119339,N,103:52:41.727905,E,14.185791, 093347.0,141217,0.000000,25,210140800
1:20:37.326195,N,103:52:41.453247,E,14.398682, 093348.0,141217,0.000000,30,210140800
1:20:37.501289,N,103:52:41.123657,E,14.644104, 093349.0,141217,0.000000,34,210140800
1:20:37.702133,N,103:52:40.794067,E,14.110413, 093350.0,141217,0.000000,39,210061860
1:20:38.033867,N,103:52:40.327148,E,13.178223, 093351.0,141217,0.000000,49,210061860
1:20:38.292217,N,103:52:39.915161,E,13.513062, 093352.0,141217,0.000000,50,210061860
1:20:38.531685,N,103:52:39.530640,E,14.371826, 093353.0,141217,0.000000,49,210061860
1:20:38.736389,N,103:52:39.173584,E,14.247253, 093354.0,141217,0.000000,47,210061860
1:20:38.907196,N,103:52:38.789063,E,13.708313, 093355.0,141217,0.000000,45,210061860
1:20:39.076710,N,103:52:38.404541,E,12.577759, 093356.0,141217,0.000000,43,210061860
1:20:39.209747,N,103:52:38.047485,E,12.808899, 093357.0,141217,0.000000,44,210061860
1:20:39.136360,N,103:52:37.608032,E,13.190430, 093358.0,141217,0.000000,46,210061864
1:20:39.191292,N,103:52:37.086182,E,13.133789, 093359.0,141217,0.000000,50,210061864
1:20:39.237640,N,103:52:36.674194,E,13.284180, 093400.0,141217,0.000000,49,210061864
1:20:39.251373,N,103:52:36.234741,E,14.011230, 093401.0,141217,0.000000,49,210061864
1:20:39.168976,N,103:52:35.740356,E,14.342102, 093402.0,141217,0.000000,52,210061864
1:20:39.047527,N,103:52:35.245972,E,14.572327, 093403.0,141217,0.000000,53,210061864
1:20:38.906765,N,103:52:34.779053,E,13.632324, 093404.0,141217,0.000000,53,210061864
1:20:38.762569,N,103:52:34.339600,E,13.651367, 093405.0,141217,0.000000,55,210061864
1:20:38.550995,N,103:52:33.762817,E,12.279419, 093406.0,141217,0.000000,57,210061864
1:20:38.385773,N,103:52:33.323364,E,11.435791, 093407.0,141217,0.000000,57,210061864
1:20:38.211105,N,103:52:32.828979,E,11.678894, 093408.0,141217,0.000000,57,210061864
1:20:38.015411,N,103:52:32.279663,E,12.053711, 093409.0,141217,0.000000,59,210061864
1:20:37.821865,N,103:52:31.730347,E,13.303345, 093410.0,141217,0.000000,60,210061864
1:20:37.637329,N,103:52:31.181030,E,14.335938, 093411.0,141217,0.000000,61,210061864
1:20:37.452793,N,103:52:30.659180,E,14.583801, 093412.0,141217,0.000000,61,210061864
1:20:37.270401,N,103:52:30.137329,E,15.642578, 093413.0,141217,0.000000,61,210061864
1:20:37.101746,N,103:52:29.642944,E,16.248169, 093414.0,141217,0.000000,59,210061864
1:20:36.936523,N,103:52:29.148560,E,16.365540, 093415.0,141217,0.000000,59,210061864
1:20:36.785461,N,103:52:28.681641,E,17.056396, 093416.0,141217,0.000000,56,210061864
1:20:36.604786,N,103:52:28.159790,E,17.383179, 093417.0,141217,0.000000,56,210061864
1:20:36.481190,N,103:52:27.720337,E,17.692322, 093418.0,141217,0.000000,55,210061864
1:20:36.356308,N,103:52:27.171021,E,17.632324, 093419.0,141217,0.000000,58,210061864
1:20:36.279915,N,103:52:26.594238,E,18.163330, 093420.0,141217,0.000000,59,210061864
1:20:36.266613,N,103:52:26.044922,E,18.664673, 093421.0,141217,0.000000,59,210061868
1:20:36.283348,N,103:52:25.468140,E,18.791687, 093422.0,141217,0.000000,59,210061868
1:20:36.307812,N,103:52:24.973755,E,18.892029, 093423.0,141217,0.000000,59,210061868
1:20:36.343861,N,103:52:24.479370,E,19.489319, 093424.0,141217,0.000000,58,210061868
1:20:36.443424,N,103:52:23.930054,E,19.857422, 093425.0,141217,0.000000,58,210061868
1:20:36.514236,N,103:52:23.325806,E,20.163818, 093426.0,141217,0.000000,61,210061868
1:20:36.553288,N,103:52:22.721558,E,20.400635, 093427.0,141217,0.000000,62,210061868
1:20:36.566162,N,103:52:22.199707,E,20.821594, 093428.0,141217,0.000000,61,210061868
1:20:36.624100,N,103:52:21.595459,E,21.217712, 093429.0,141217,0.000000,62,210061868
1:20:36.670448,N,103:52:20.991211,E,21.019531, 093430.0,141217,0.000000,65,210061868
1:20:36.714218,N,103:52:20.414429,E,20.747498, 093431.0,141217,0.000000,65,210061868
1:20:36.744263,N,103:52:19.810181,E,20.928223, 093432.0,141217,0.000000,65,210061868
1:20:36.746834,N,103:52:19.178467,E,21.533630, 093433.0,141217,0.000000,66,210061868
1:20:36.678169,N,103:52:18.546753,E,21.854004, 093434.0,141217,0.000000,66,210061868
1:20:36.389351,N,103:52:17.997437,E,21.995483, 093435.0,141217,0.000000,66,210061868
1:20:36.292362,N,103:52:17.448120,E,21.754761, 093436.0,141217,0.000000,65,210061868
1:20:36.076069,N,103:52:16.843872,E,22.412292, 093437.0,141217,0.000000,68,210061868
1:20:35.813427,N,103:52:16.267090,E,22.445374, 093438.0,141217,0.000000,68,210061868
1:20:35.558937,N,103:52:15.690308,E,20.531738, 093439.0,141217,0.000000,70,210061868
1:20:35.249947,N,103:52:15.058594,E,21.425964, 093440.0,141217,0.000000,71,210007704
1:20:34.943962,N,103:52:14.454346,E,21.671570, 093441.0,141217,0.000000,72,210007704
