1:26:3.456202,N,103:45:30.157471,E,4.000000, 112637.0,141217,0.000000,14,-10
1:26:3.517141,N,103:45:30.184937,E,5.000000, 112638.0,141217,0.000000,0,-10
1:26:3.581944,N,103:45:30.267334,E,11.000000, 112639.0,141217,0.000000,0,-10
1:26:3.643742,N,103:45:30.294800,E,14.000000, 112640.0,141217,0.000000,0,210154723
1:26:3.687086,N,103:45:30.322266,E,15.000000, 112641.0,141217,0.000000,0,210154723
1:26:3.696957,N,103:45:30.322266,E,15.000000, 112642.0,141217,0.000000,0,210154723
1:26:3.709831,N,103:45:30.322266,E,14.000000, 112643.0,141217,0.000000,0,210154723
1:26:3.709402,N,103:45:30.349731,E,14.000000, 112644.0,141217,0.000000,0,210154723
1:26:3.711119,N,103:45:30.349731,E,13.000000, 112645.0,141217,0.000000,0,210154723
1:26:3.709402,N,103:45:30.377197,E,12.000000, 112646.0,141217,0.000000,0,210154723
1:26:3.706827,N,103:45:30.377197,E,11.000000, 112647.0,141217,0.000000,0,210154723
1:26:3.705969,N,103:45:30.377197,E,11.000000, 112648.0,141217,0.000000,0,210154723
1:26:3.704681,N,103:45:30.377197,E,11.000000, 112649.0,141217,0.000000,0,210154723
1:26:3.703394,N,103:45:30.377197,E,11.000000, 112650.0,141217,0.000000,0,210154723
1:26:3.702106,N,103:45:30.377197,E,11.000000, 112651.0,141217,0.000000,0,210154723
1:26:3.702536,N,103:45:30.377197,E,11.000000, 112652.0,141217,0.000000,0,210154723
1:26:3.691378,N,103:45:30.404663,E,9.000000, 112653.0,141217,0.000000,0,210154723
1:26:3.673353,N,103:45:30.349731,E,7.000000, 112654.0,141217,0.000000,0,210154723
1:26:3.664341,N,103:45:30.322266,E,7.000000, 112656.0,141217,0.000000,0,210154723
1:26:3.661337,N,103:45:30.349731,E,7.000000, 112657.0,141217,0.000000,0,210154723
1:26:3.666916,N,103:45:30.349731,E,7.000000, 112658.0,141217,0.000000,0,210154723
1:26:3.670349,N,103:45:30.349731,E,7.000000, 112659.0,141217,0.000000,0,210154723
1:26:3.674212,N,103:45:30.349731,E,8.000000, 112700.0,141217,0.000000,0,210154723
1:26:3.669920,N,103:45:30.377197,E,7.000000, 112701.0,141217,0.000000,0,210154723
1:26:3.655758,N,103:45:30.404663,E,7.000000, 112702.0,141217,0.000000,0,210154723
1:26:3.647604,N,103:45:30.404663,E,8.000000, 112703.0,141217,0.000000,0,210154723
1:26:3.634300,N,103:45:30.404663,E,8.000000, 112704.0,141217,0.000000,0,210154723
1:26:3.613272,N,103:45:30.432129,E,8.000000, 112705.0,141217,0.000000,0,210154723
1:26:3.627434,N,103:45:30.459595,E,8.000000, 112706.0,141217,0.000000,0,210154723
1:26:3.620567,N,103:45:30.459595,E,8.000000, 112707.0,141217,0.000000,0,210154723
1:26:3.625288,N,103:45:30.459595,E,8.000000, 112708.0,141217,0.000000,0,210154723
1:26:3.616276,N,103:45:30.487061,E,8.000000, 112709.0,141217,0.000000,0,210154723
1:26:3.616276,N,103:45:30.487061,E,8.000000, 112710.0,141217,0.000000,0,210154723
1:26:3.617992,N,103:45:30.514526,E,8.000000, 112711.0,141217,0.000000,0,210154723
1:26:3.624859,N,103:45:30.514526,E,9.000000, 112713.0,141217,0.000000,0,210154723
1:26:3.624430,N,103:45:30.514526,E,9.000000, 112714.0,141217,0.000000,0,210154723
1:26:3.624430,N,103:45:30.514526,E,9.000000, 112715.0,141217,0.000000,0,210154723
1:26:3.624859,N,103:45:30.514526,E,9.000000, 112717.0,141217,0.000000,0,210154723
1:26:3.624859,N,103:45:30.514526,E,9.000000, 112718.0,141217,0.000000,0,210154723
1:26:3.624859,N,103:45:30.514526,E,9.000000, 112719.0,141217,0.000000,0,210154723
1:26:3.624859,N,103:45:30.514526,E,9.000000, 112720.0,141217,0.000000,0,210154723
1:26:3.624859,N,103:45:30.514526,E,9.000000, 112721.0,141217,0.000000,0,210154723
1:26:3.624859,N,103:45:30.514526,E,9.000000, 112722.0,141217,0.000000,0,210154723
1:26:3.624859,N,103:45:30.514526,E,9.000000, 112723.0,141217,0.000000,0,210154723
1:26:3.624859,N,103:45:30.514526,E,9.000000, 112724.0,141217,0.000000,0,210154723
1:26:3.625717,N,103:45:30.514526,E,9.000000, 112725.0,141217,0.000000,0,210154723
1:26:3.622713,N,103:45:30.514526,E,9.000000, 112726.0,141217,0.000000,0,210154723
1:26:3.622713,N,103:45:30.514526,E,9.000000, 112727.0,141217,0.000000,0,210154723
1:26:3.622713,N,103:45:30.514526,E,9.000000, 112728.0,141217,0.000000,0,210154723
1:26:3.622713,N,103:45:30.514526,E,9.000000, 112729.0,141217,0.000000,0,210154723
1:26:3.622713,N,103:45:30.514526,E,9.000000, 112730.0,141217,0.000000,0,210154723
1:26:3.621855,N,103:45:30.514526,E,9.000000, 112731.0,141217,0.000000,0,210154723
1:26:3.622713,N,103:45:30.514526,E,9.000000, 112732.0,141217,0.000000,0,210154723
1:26:3.623142,N,103:45:30.514526,E,9.000000, 112733.0,141217,0.000000,0,210154723
1:26:3.623142,N,103:45:30.514526,E,9.000000, 112734.0,141217,0.000000,0,210154723
1:26:3.623142,N,103:45:30.514526,E,9.000000, 112735.0,141217,0.000000,0,210154723
1:26:3.623142,N,103:45:30.514526,E,9.000000, 112736.0,141217,0.000000,0,210154723
1:26:3.611555,N,103:45:30.514526,E,9.000000, 112737.0,141217,0.000000,0,210154723
1:26:3.611126,N,103:45:30.541992,E,9.000000, 112738.0,141217,0.000000,0,210154723
1:26:3.605976,N,103:45:30.541992,E,9.000000, 112739.0,141217,0.000000,0,210154723
1:26:3.599968,N,103:45:30.514526,E,9.000000, 112740.0,141217,0.000000,0,210154723
1:26:3.602972,N,103:45:30.541992,E,10.000000, 112741.0,141217,0.000000,0,210154723
1:26:3.597822,N,103:45:30.514526,E,10.000000, 112742.0,141217,0.000000,0,210154723
1:26:3.594818,N,103:45:30.514526,E,11.000000, 112743.0,141217,0.000000,0,210154723
1:26:3.602114,N,103:45:30.514526,E,11.000000, 112744.0,141217,0.000000,0,210154723
1:26:3.594389,N,103:45:30.514526,E,12.000000, 112745.0,141217,0.000000,0,210154723
1:26:3.588381,N,103:45:30.514526,E,12.000000, 112746.0,141217,0.000000,0,210154723
1:26:3.587093,N,103:45:30.514526,E,12.000000, 112747.0,141217,0.000000,0,210154723
1:26:3.584518,N,103:45:30.514526,E,12.000000, 112748.0,141217,0.000000,0,210154723
1:26:3.584089,N,103:45:30.514526,E,12.000000, 112749.0,141217,0.000000,0,210154723
1:26:3.583660,N,103:45:30.514526,E,12.000000, 112750.0,141217,0.000000,0,210154723
1:26:3.583660,N,103:45:30.514526,E,12.000000, 112751.0,141217,0.000000,0,210154723
1:26:3.583660,N,103:45:30.514526,E,12.000000, 112752.0,141217,0.000000,0,210154723
1:26:3.583660,N,103:45:30.514526,E,12.000000, 112753.0,141217,0.000000,0,210154723
1:26:3.583660,N,103:45:30.514526,E,12.000000, 112754.0,141217,0.000000,0,210154723
1:26:3.583660,N,103:45:30.514526,E,12.000000, 112755.0,141217,0.000000,0,210154723
1:26:3.583660,N,103:45:30.514526,E,12.000000, 112756.0,141217,0.000000,0,210154723
1:26:3.583660,N,103:45:30.514526,E,12.000000, 112757.0,141217,0.000000,0,210154723
1:26:3.583660,N,103:45:30.514526,E,12.000000, 112758.0,141217,0.000000,0,210154723
1:26:3.583660,N,103:45:30.514526,E,12.000000, 112759.0,141217,0.000000,0,210154723
1:26:3.582802,N,103:45:30.514526,E,12.000000, 113259.0,141217,0.000000,0,210154723
1:26:3.579798,N,103:45:30.514526,E,12.000000, 113300.0,141217,0.000000,0,210154723
1:26:3.575077,N,103:45:30.514526,E,12.000000, 113301.0,141217,0.000000,0,210154723
1:26:3.572073,N,103:45:30.514526,E,12.000000, 113302.0,141217,0.000000,0,210154723
1:26:3.568211,N,103:45:30.514526,E,11.000000, 113303.0,141217,0.000000,0,210154723
1:26:3.563919,N,103:45:30.487061,E,11.000000, 113304.0,141217,0.000000,0,210154723
1:26:3.564348,N,103:45:30.514526,E,11.000000, 113305.0,141217,0.000000,0,210154723
1:26:3.566494,N,103:45:30.514526,E,12.000000, 113306.0,141217,0.000000,0,210154723
1:26:3.564348,N,103:45:30.487061,E,12.000000, 113307.0,141217,0.000000,0,210154723
1:26:3.563919,N,103:45:30.487061,E,12.000000, 113308.0,141217,0.000000,0,210154723
1:26:3.563490,N,103:45:30.487061,E,12.000000, 113309.0,141217,0.000000,0,210154723
1:26:3.563490,N,103:45:30.487061,E,12.000000, 113310.0,141217,0.000000,0,210154723
1:26:3.563490,N,103:45:30.487061,E,12.000000, 113311.0,141217,0.000000,0,210154723
1:26:3.563490,N,103:45:30.487061,E,12.000000, 113312.0,141217,0.000000,0,210154723
1:26:3.563490,N,103:45:30.487061,E,12.000000, 113313.0,141217,0.000000,0,210154723
1:26:3.563490,N,103:45:30.487061,E,12.000000, 113314.0,141217,0.000000,0,210154723
1:26:3.563490,N,103:45:30.487061,E,12.000000, 113315.0,141217,0.000000,0,210154723
1:26:3.563490,N,103:45:30.487061,E,12.000000, 113316.0,141217,0.000000,0,210154723
1:26:3.563490,N,103:45:30.487061,E,12.000000, 113317.0,141217,0.000000,0,210154723
1:26:3.563490,N,103:45:30.487061,E,12.000000, 113318.0,141217,0.000000,0,210154723
1:26:3.563490,N,103:45:30.487061,E,12.000000, 113319.0,141217,0.000000,0,210154723
1:26:3.563490,N,103:45:30.487061,E,12.000000, 113320.0,141217,0.000000,0,210154723
1:26:3.563490,N,103:45:30.487061,E,12.000000, 113321.0,141217,0.000000,0,210154723
1:26:3.563490,N,103:45:30.487061,E,12.000000, 113322.0,141217,0.000000,0,210154723
1:26:3.563490,N,103:45:30.487061,E,12.000000, 113323.0,141217,0.000000,0,210154723
1:26:3.563490,N,103:45:30.487061,E,12.000000, 113324.0,141217,0.000000,0,210154723
1:26:3.563490,N,103:45:30.487061,E,12.000000, 113325.0,141217,0.000000,0,210154723
1:26:3.563490,N,103:45:30.487061,E,12.000000, 113326.0,141217,0.000000,0,210154723
1:26:3.563490,N,103:45:30.487061,E,12.000000, 113327.0,141217,0.000000,0,210154723
1:26:3.563490,N,103:45:30.487061,E,12.000000, 113328.0,141217,0.000000,0,210154723
1:26:3.563490,N,103:45:30.487061,E,12.000000, 113329.0,141217,0.000000,0,210154723
1:26:3.563490,N,103:45:30.487061,E,12.000000, 113330.0,141217,0.000000,0,210154723
1:26:3.563490,N,103:45:30.487061,E,12.000000, 113331.0,141217,0.000000,0,210154723
1:26:3.563490,N,103:45:30.487061,E,12.000000, 113332.0,141217,0.000000,0,210154723
1:26:3.563490,N,103:45:30.487061,E,12.000000, 113333.0,141217,0.000000,0,210154723
1:26:3.563490,N,103:45:30.487061,E,12.000000, 113334.0,141217,0.000000,0,210154723
1:26:3.563490,N,103:45:30.487061,E,12.000000, 113335.0,141217,0.000000,0,210154723
1:26:3.563490,N,103:45:30.487061,E,12.000000, 113336.0,141217,0.000000,0,210154723
1:26:3.563490,N,103:45:30.487061,E,12.000000, 113337.0,141217,0.000000,0,210154723
1:26:3.563490,N,103:45:30.487061,E,12.000000, 113338.0,141217,0.000000,0,210154723
1:26:3.563490,N,103:45:30.487061,E,12.000000, 113339.0,141217,0.000000,0,210154723
1:26:3.563490,N,103:45:30.487061,E,12.000000, 113340.0,141217,0.000000,0,210154723
1:26:3.563490,N,103:45:30.487061,E,12.000000, 113341.0,141217,0.000000,0,210154723
1:26:3.563490,N,103:45:30.487061,E,12.000000, 113342.0,141217,0.000000,0,210154723
1:26:3.563490,N,103:45:30.487061,E,12.000000, 113343.0,141217,0.000000,0,210154723
1:26:3.563490,N,103:45:30.487061,E,12.000000, 113344.0,141217,0.000000,0,210154723
1:26:3.563490,N,103:45:30.487061,E,12.000000, 113345.0,141217,0.000000,0,210154723
1:26:3.563919,N,103:45:30.487061,E,12.000000, 113346.0,141217,0.000000,0,210154723
1:26:3.563919,N,103:45:30.487061,E,12.000000, 113347.0,141217,0.000000,0,210154723
1:26:3.563919,N,103:45:30.487061,E,12.000000, 113348.0,141217,0.000000,0,210154723
1:26:3.563919,N,103:45:30.487061,E,12.000000, 113349.0,141217,0.000000,0,210154723
1:26:3.563490,N,103:45:30.487061,E,12.000000, 113350.0,141217,0.000000,0,210154723
1:26:3.563919,N,103:45:30.487061,E,12.000000, 113351.0,141217,0.000000,0,210154723
1:26:3.563490,N,103:45:30.487061,E,12.000000, 113352.0,141217,0.000000,0,210154723
1:26:3.563490,N,103:45:30.487061,E,12.000000, 113353.0,141217,0.000000,0,210154723
1:26:3.563490,N,103:45:30.487061,E,12.000000, 113354.0,141217,0.000000,0,210154723
1:26:3.563490,N,103:45:30.487061,E,12.000000, 113355.0,141217,0.000000,0,210154723
1:26:3.563490,N,103:45:30.487061,E,12.000000, 113356.0,141217,0.000000,0,210154723
1:26:3.563490,N,103:45:30.487061,E,12.000000, 113357.0,141217,0.000000,0,210154723
1:26:3.563490,N,103:45:30.487061,E,12.000000, 113358.0,141217,0.000000,0,210154723
1:26:3.563490,N,103:45:30.487061,E,12.000000, 113359.0,141217,0.000000,0,210154723
1:26:3.563490,N,103:45:30.487061,E,12.000000, 113400.0,141217,0.000000,0,210154723
1:26:3.563490,N,103:45:30.487061,E,12.000000, 113401.0,141217,0.000000,0,210154723
1:26:3.563490,N,103:45:30.487061,E,12.000000, 113402.0,141217,0.000000,0,210154723
1:26:3.563490,N,103:45:30.487061,E,12.000000, 113403.0,141217,0.000000,0,210154723
1:26:3.563490,N,103:45:30.487061,E,12.000000, 113404.0,141217,0.000000,0,210154723
1:26:3.563490,N,103:45:30.487061,E,12.000000, 113405.0,141217,0.000000,0,210154723
1:26:3.563490,N,103:45:30.487061,E,12.000000, 113406.0,141217,0.000000,0,210154723
1:26:3.563919,N,103:45:30.487061,E,12.000000, 113407.0,141217,0.000000,0,210154723
1:26:3.563919,N,103:45:30.487061,E,12.000000, 113408.0,141217,0.000000,0,210154723
1:26:3.563919,N,103:45:30.487061,E,12.000000, 113409.0,141217,0.000000,0,210154723
1:26:3.563919,N,103:45:30.487061,E,12.000000, 113410.0,141217,0.000000,0,210154723
1:26:3.563919,N,103:45:30.487061,E,12.000000, 113411.0,141217,0.000000,0,210154723
1:26:3.563919,N,103:45:30.487061,E,12.000000, 113412.0,141217,0.000000,0,210154723
1:26:3.563919,N,103:45:30.487061,E,12.000000, 113413.0,141217,0.000000,0,210154723
1:26:3.563919,N,103:45:30.487061,E,12.000000, 113414.0,141217,0.000000,0,210154723
1:26:3.563919,N,103:45:30.487061,E,12.000000, 113415.0,141217,0.000000,0,210154723
1:26:3.564777,N,103:45:30.487061,E,12.000000, 113416.0,141217,0.000000,0,210154723
1:26:3.565207,N,103:45:30.487061,E,12.000000, 113417.0,141217,0.000000,0,210154723
1:26:3.565207,N,103:45:30.487061,E,12.000000, 113418.0,141217,0.000000,0,210154723
1:26:3.565207,N,103:45:30.487061,E,12.000000, 113419.0,141217,0.000000,0,210154723
1:26:3.565207,N,103:45:30.487061,E,12.000000, 113420.0,141217,0.000000,0,210154723
1:26:3.565207,N,103:45:30.487061,E,12.000000, 113421.0,141217,0.000000,0,210154723
1:26:3.565207,N,103:45:30.487061,E,12.000000, 113422.0,141217,0.000000,0,210154723
1:26:3.565207,N,103:45:30.487061,E,12.000000, 113423.0,141217,0.000000,0,210154723
1:26:3.565207,N,103:45:30.487061,E,12.000000, 113424.0,141217,0.000000,0,210154723
1:26:3.565207,N,103:45:30.487061,E,12.000000, 113425.0,141217,0.000000,0,210154723
1:26:3.565207,N,103:45:30.487061,E,12.000000, 113426.0,141217,0.000000,0,210154723
1:26:3.565207,N,103:45:30.487061,E,12.000000, 113427.0,141217,0.000000,0,210154723
1:26:3.564777,N,103:45:30.487061,E,12.000000, 113428.0,141217,0.000000,0,210154723
1:26:3.565207,N,103:45:30.487061,E,12.000000, 113429.0,141217,0.000000,0,210154723
1:26:3.564777,N,103:45:30.487061,E,12.000000, 113430.0,141217,0.000000,0,210154723
1:26:3.564777,N,103:45:30.487061,E,12.000000, 113431.0,141217,0.000000,0,210154723
1:26:3.564777,N,103:45:30.487061,E,12.000000, 113432.0,141217,0.000000,0,210154723
1:26:3.564777,N,103:45:30.487061,E,12.000000, 113433.0,141217,0.000000,0,210154723
1:26:3.564777,N,103:45:30.487061,E,12.000000, 113434.0,141217,0.000000,0,210154723
1:26:3.564777,N,103:45:30.487061,E,12.000000, 113435.0,141217,0.000000,0,210154723
1:26:3.564777,N,103:45:30.487061,E,12.000000, 113437.0,141217,0.000000,0,210154723
1:26:3.564777,N,103:45:30.459595,E,12.000000, 113439.0,141217,0.000000,0,210154723
1:26:3.567352,N,103:45:30.459595,E,11.000000, 113440.0,141217,0.000000,0,210154723
1:26:3.571215,N,103:45:30.459595,E,11.000000, 113441.0,141217,0.000000,0,210154723
1:26:3.568211,N,103:45:30.459595,E,11.000000, 113442.0,141217,0.000000,0,210154723
1:26:3.572502,N,103:45:30.459595,E,11.000000, 113443.0,141217,0.000000,0,210154723
1:26:3.572502,N,103:45:30.459595,E,11.000000, 113444.0,141217,0.000000,0,210154723
1:26:3.578510,N,103:45:30.459595,E,11.000000, 113445.0,141217,0.000000,0,210154723
1:26:3.582373,N,103:45:30.459595,E,11.000000, 113446.0,141217,0.000000,0,210154723
1:26:3.581944,N,103:45:30.459595,E,11.000000, 113447.0,141217,0.000000,0,210154723
1:26:3.582802,N,103:45:30.459595,E,11.000000, 113448.0,141217,0.000000,0,210154723
1:26:3.573360,N,103:45:30.459595,E,11.000000, 113450.0,141217,0.000000,0,210154723
1:26:3.570356,N,103:45:30.459595,E,12.000000, 113451.0,141217,0.000000,0,210154723
1:26:3.569069,N,103:45:30.459595,E,12.000000, 113452.0,141217,0.000000,0,210154723
1:26:3.568640,N,103:45:30.459595,E,12.000000, 113453.0,141217,0.000000,0,210154723
1:26:3.569069,N,103:45:30.459595,E,12.000000, 113454.0,141217,0.000000,0,210154723
1:26:3.565207,N,103:45:30.459595,E,12.000000, 113455.0,141217,0.000000,0,210154723
1:26:3.564348,N,103:45:30.459595,E,12.000000, 113456.0,141217,0.000000,0,210154723
1:26:3.563061,N,103:45:30.459595,E,12.000000, 113458.0,141217,0.000000,0,210154723
1:26:3.563061,N,103:45:30.487061,E,12.000000, 113459.0,141217,0.000000,0,210154723
1:26:3.563490,N,103:45:30.487061,E,12.000000, 113500.0,141217,0.000000,0,210154723
1:26:3.564348,N,103:45:30.487061,E,12.000000, 113501.0,141217,0.000000,0,210154723
1:26:3.565636,N,103:45:30.487061,E,12.000000, 113502.0,141217,0.000000,0,210154723
1:26:3.565207,N,103:45:30.487061,E,12.000000, 113503.0,141217,0.000000,0,210154723
1:26:3.566494,N,103:45:30.487061,E,12.000000, 113504.0,141217,0.000000,0,210154723
1:26:3.567352,N,103:45:30.487061,E,12.000000, 113505.0,141217,0.000000,0,210154723
1:26:3.567352,N,103:45:30.487061,E,12.000000, 113506.0,141217,0.000000,0,210154723
1:26:3.567352,N,103:45:30.487061,E,12.000000, 113507.0,141217,0.000000,0,210154723
1:26:3.567352,N,103:45:30.487061,E,12.000000, 113508.0,141217,0.000000,0,210154723
1:26:3.567352,N,103:45:30.487061,E,12.000000, 113509.0,141217,0.000000,0,210154723
1:26:3.567352,N,103:45:30.487061,E,12.000000, 113510.0,141217,0.000000,0,210154723
1:26:3.567352,N,103:45:30.487061,E,12.000000, 113511.0,141217,0.000000,0,210154723
1:26:3.567352,N,103:45:30.487061,E,12.000000, 113512.0,141217,0.000000,0,210154723
1:26:3.567352,N,103:45:30.487061,E,12.000000, 113513.0,141217,0.000000,0,210154723
1:26:3.567352,N,103:45:30.487061,E,12.000000, 113514.0,141217,0.000000,0,210154723
1:26:3.567352,N,103:45:30.487061,E,12.000000, 113515.0,141217,0.000000,0,210154723
1:26:3.567352,N,103:45:30.487061,E,12.000000, 113516.0,141217,0.000000,0,210154723
1:26:3.567352,N,103:45:30.487061,E,12.000000, 113517.0,141217,0.000000,0,210154723
1:26:3.567352,N,103:45:30.487061,E,12.000000, 113518.0,141217,0.000000,0,210154723
1:26:3.567352,N,103:45:30.487061,E,12.000000, 113519.0,141217,0.000000,0,210154723
1:26:3.567352,N,103:45:30.487061,E,12.000000, 113520.0,141217,0.000000,0,210154723
1:26:3.567352,N,103:45:30.487061,E,12.000000, 113521.0,141217,0.000000,0,210154723
1:26:3.566923,N,103:45:30.487061,E,12.000000, 113522.0,141217,0.000000,0,210154723
1:26:3.566923,N,103:45:30.487061,E,12.000000, 113523.0,141217,0.000000,0,210154723
1:26:3.566923,N,103:45:30.487061,E,12.000000, 113524.0,141217,0.000000,0,210154723
1:26:3.566923,N,103:45:30.487061,E,12.000000, 113525.0,141217,0.000000,0,210154723
1:26:3.566494,N,103:45:30.487061,E,12.000000, 113526.0,141217,0.000000,0,210154723
1:26:3.566494,N,103:45:30.487061,E,12.000000, 113527.0,141217,0.000000,0,210154723
1:26:3.566494,N,103:45:30.487061,E,12.000000, 113528.0,141217,0.000000,0,210154723
1:26:3.566494,N,103:45:30.487061,E,12.000000, 113529.0,141217,0.000000,0,210154723
1:26:3.566494,N,103:45:30.487061,E,12.000000, 113530.0,141217,0.000000,0,210154723
1:26:3.566494,N,103:45:30.487061,E,12.000000, 113531.0,141217,0.000000,0,210154723
1:26:3.566494,N,103:45:30.487061,E,12.000000, 113532.0,141217,0.000000,0,210154723
1:26:3.566494,N,103:45:30.487061,E,12.000000, 113533.0,141217,0.000000,0,210154723
1:26:3.566065,N,103:45:30.487061,E,12.000000, 113534.0,141217,0.000000,0,210154723
1:26:3.566065,N,103:45:30.487061,E,12.000000, 113535.0,141217,0.000000,0,210154723
1:26:3.566065,N,103:45:30.487061,E,12.000000, 113536.0,141217,0.000000,0,210154723
1:26:3.566065,N,103:45:30.487061,E,12.000000, 113537.0,141217,0.000000,0,210154723
1:26:3.566065,N,103:45:30.487061,E,12.000000, 113538.0,141217,0.000000,0,210154723
1:26:3.566065,N,103:45:30.487061,E,12.000000, 113539.0,141217,0.000000,0,210154723
1:26:3.566065,N,103:45:30.487061,E,12.000000, 113540.0,141217,0.000000,0,210154723
1:26:3.566065,N,103:45:30.487061,E,12.000000, 113541.0,141217,0.000000,0,210154723
1:26:3.566494,N,103:45:30.487061,E,12.000000, 113542.0,141217,0.000000,0,210154723
1:26:3.566494,N,103:45:30.487061,E,12.000000, 113543.0,141217,0.000000,0,210154723
1:26:3.566494,N,103:45:30.487061,E,12.000000, 113544.0,141217,0.000000,0,210154723
1:26:55.390205,N,103:46:35.333862,E,24.000000, 130150.0,141217,0.000000,114,-10
1:26:55.389778,N,103:46:35.333862,E,23.000000, 130151.0,141217,0.000000,0,210154723
1:26:55.377331,N,103:46:35.306396,E,22.000000, 130152.0,141217,0.000000,0,210154723
1:26:55.370895,N,103:46:35.306396,E,22.000000, 130153.0,141217,0.000000,0,210154723
1:26:55.373898,N,103:46:35.333862,E,21.000000, 130154.0,141217,0.000000,0,210154723
1:26:55.377331,N,103:46:35.306396,E,20.000000, 130155.0,141217,0.000000,0,210154723
1:26:55.378616,N,103:46:35.306396,E,20.000000, 130156.0,141217,0.000000,0,210154723
1:26:55.378616,N,103:46:35.306396,E,19.000000, 130157.0,141217,0.000000,0,210154723
1:26:55.376900,N,103:46:35.306396,E,19.000000, 130159.0,141217,0.000000,0,210154723
1:26:55.374756,N,103:46:35.306396,E,19.000000, 130200.0,141217,0.000000,0,210154723
1:26:55.375183,N,103:46:35.306396,E,19.000000, 130201.0,141217,0.000000,0,210154723
1:26:55.376472,N,103:46:35.306396,E,19.000000, 130202.0,141217,0.000000,0,210154723
1:26:55.377331,N,103:46:35.306396,E,19.000000, 130203.0,141217,0.000000,0,210154723
1:26:55.377762,N,103:46:35.306396,E,19.000000, 130204.0,141217,0.000000,0,210154723
1:26:55.377762,N,103:46:35.306396,E,19.000000, 130205.0,141217,0.000000,0,210154723
1:26:55.378189,N,103:46:35.306396,E,19.000000, 130206.0,141217,0.000000,0,210154723
1:26:55.378189,N,103:46:35.306396,E,19.000000, 130207.0,141217,0.000000,0,210154723
1:26:55.378189,N,103:46:35.306396,E,19.000000, 130208.0,141217,0.000000,0,210154723
1:26:55.378189,N,103:46:35.306396,E,19.000000, 130209.0,141217,0.000000,0,210154723
1:26:55.378189,N,103:46:35.306396,E,19.000000, 130210.0,141217,0.000000,0,210154723
1:26:55.378189,N,103:46:35.306396,E,19.000000, 130211.0,141217,0.000000,0,210154723
1:26:55.378189,N,103:46:35.306396,E,19.000000, 130212.0,141217,0.000000,0,210154723
1:26:55.378189,N,103:46:35.306396,E,19.000000, 130213.0,141217,0.000000,0,210154723
1:26:55.378189,N,103:46:35.306396,E,19.000000, 130214.0,141217,0.000000,0,210154723
1:26:55.378189,N,103:46:35.306396,E,19.000000, 130215.0,141217,0.000000,0,210154723
1:26:55.378189,N,103:46:35.306396,E,19.000000, 130216.0,141217,0.000000,0,210154723
1:26:55.378189,N,103:46:35.306396,E,19.000000, 130217.0,141217,0.000000,0,210154723
1:26:55.378189,N,103:46:35.306396,E,19.000000, 130218.0,141217,0.000000,0,210154723
1:26:55.378189,N,103:46:35.306396,E,19.000000, 130219.0,141217,0.000000,0,210154723
1:26:55.378189,N,103:46:35.306396,E,19.000000, 130220.0,141217,0.000000,0,210154723
1:26:55.378189,N,103:46:35.306396,E,19.000000, 130221.0,141217,0.000000,0,210154723
1:26:55.378189,N,103:46:35.306396,E,19.000000, 130222.0,141217,0.000000,0,210154723
1:26:55.378189,N,103:46:35.306396,E,19.000000, 130223.0,141217,0.000000,0,210154723
1:26:55.378189,N,103:46:35.306396,E,19.000000, 130224.0,141217,0.000000,0,210154723
1:26:55.378189,N,103:46:35.306396,E,19.000000, 130225.0,141217,0.000000,0,210154723
1:26:55.378616,N,103:46:35.306396,E,19.000000, 130226.0,141217,0.000000,0,210154723
1:26:55.378616,N,103:46:35.306396,E,19.000000, 130227.0,141217,0.000000,0,210154723
1:26:55.378616,N,103:46:35.306396,E,19.000000, 130228.0,141217,0.000000,0,210154723
1:26:55.378189,N,103:46:35.306396,E,19.000000, 130229.0,141217,0.000000,0,210154723
1:26:55.378616,N,103:46:35.306396,E,19.000000, 130230.0,141217,0.000000,0,210154723
1:26:55.378616,N,103:46:35.306396,E,17.000000, 130231.0,141217,0.000000,0,210154723
1:26:55.378616,N,103:46:35.306396,E,17.000000, 130232.0,141217,0.000000,0,210154723
1:26:55.379047,N,103:46:35.306396,E,18.000000, 130233.0,141217,0.000000,0,210154723
1:26:55.379047,N,103:46:35.306396,E,18.000000, 130234.0,141217,0.000000,0,210154723
1:26:55.379047,N,103:46:35.306396,E,18.000000, 130235.0,141217,0.000000,0,210154723
1:26:55.379047,N,103:46:35.306396,E,18.000000, 130236.0,141217,0.000000,0,210154723
1:26:55.379047,N,103:46:35.306396,E,18.000000, 130237.0,141217,0.000000,0,210154723
1:26:55.379478,N,103:46:35.306396,E,19.000000, 130238.0,141217,0.000000,0,210154723
1:26:55.379478,N,103:46:35.306396,E,19.000000, 130239.0,141217,0.000000,0,210154723
1:26:55.379478,N,103:46:35.306396,E,19.000000, 130240.0,141217,0.000000,0,210154723
1:26:55.379478,N,103:46:35.306396,E,19.000000, 130241.0,141217,0.000000,0,210154723
1:26:55.379906,N,103:46:35.306396,E,19.000000, 130242.0,141217,0.000000,0,210154723
1:26:55.379906,N,103:46:35.306396,E,19.000000, 130243.0,141217,0.000000,0,210154723
1:26:55.380333,N,103:46:35.306396,E,19.000000, 130244.0,141217,0.000000,0,210154723
1:26:55.380333,N,103:46:35.306396,E,19.000000, 130245.0,141217,0.000000,0,210154723
1:26:55.380333,N,103:46:35.306396,E,19.000000, 130246.0,141217,0.000000,0,210154723
1:26:55.380333,N,103:46:35.306396,E,19.000000, 130247.0,141217,0.000000,0,210154723
1:26:55.380764,N,103:46:35.306396,E,19.000000, 130248.0,141217,0.000000,0,210154723
1:26:55.380764,N,103:46:35.306396,E,19.000000, 130249.0,141217,0.000000,0,210154723
1:26:55.380764,N,103:46:35.306396,E,19.000000, 130250.0,141217,0.000000,0,210154723
1:26:55.380764,N,103:46:35.306396,E,19.000000, 130251.0,141217,0.000000,0,210154723
1:26:55.380764,N,103:46:35.306396,E,19.000000, 130252.0,141217,0.000000,0,210154723
1:26:55.380764,N,103:46:35.306396,E,19.000000, 130253.0,141217,0.000000,0,210154723
1:26:55.380764,N,103:46:35.306396,E,19.000000, 130254.0,141217,0.000000,0,210154723
1:26:55.380764,N,103:46:35.306396,E,19.000000, 130255.0,141217,0.000000,0,210154723
1:26:55.380764,N,103:46:35.306396,E,19.000000, 130256.0,141217,0.000000,0,210154723
1:26:55.380764,N,103:46:35.306396,E,19.000000, 130257.0,141217,0.000000,0,210154723
1:26:55.380764,N,103:46:35.306396,E,19.000000, 130258.0,141217,0.000000,0,210154723
1:26:55.380764,N,103:46:35.306396,E,19.000000, 130259.0,141217,0.000000,0,210154723
1:26:55.380764,N,103:46:35.278931,E,19.000000, 130300.0,141217,0.000000,0,210154723
1:26:55.381195,N,103:46:35.278931,E,19.000000, 130301.0,141217,0.000000,0,210154723
1:26:55.381195,N,103:46:35.278931,E,19.000000, 130302.0,141217,0.000000,0,210154723
1:26:55.381195,N,103:46:35.278931,E,19.000000, 130303.0,141217,0.000000,0,210154723
1:26:55.381195,N,103:46:35.278931,E,19.000000, 130304.0,141217,0.000000,0,210154723
1:26:55.381195,N,103:46:35.278931,E,19.000000, 130305.0,141217,0.000000,0,210154723
1:26:55.381195,N,103:46:35.278931,E,19.000000, 130306.0,141217,0.000000,0,210154723
1:26:55.381195,N,103:46:35.278931,E,19.000000, 130307.0,141217,0.000000,0,210154723
1:26:55.381195,N,103:46:35.278931,E,19.000000, 130308.0,141217,0.000000,0,210154723
1:26:55.381195,N,103:46:35.278931,E,19.000000, 130309.0,141217,0.000000,0,210154723
1:26:55.381195,N,103:46:35.278931,E,19.000000, 130310.0,141217,0.000000,0,210154723
1:26:55.381195,N,103:46:35.278931,E,19.000000, 130311.0,141217,0.000000,0,210154723
1:26:55.381622,N,103:46:35.278931,E,19.000000, 130312.0,141217,0.000000,0,210154723
1:26:55.381622,N,103:46:35.278931,E,16.000000, 130313.0,141217,0.000000,0,210154723
1:26:55.381622,N,103:46:35.278931,E,17.000000, 130314.0,141217,0.000000,0,210154723
1:26:55.381622,N,103:46:35.278931,E,17.000000, 130315.0,141217,0.000000,0,210154723
1:26:55.381622,N,103:46:35.278931,E,17.000000, 130316.0,141217,0.000000,0,210154723
1:26:55.381622,N,103:46:35.278931,E,18.000000, 130317.0,141217,0.000000,0,210154723
1:26:55.381622,N,103:46:35.278931,E,18.000000, 130318.0,141217,0.000000,0,210154723
1:26:55.381622,N,103:46:35.278931,E,18.000000, 130319.0,141217,0.000000,0,210154723
1:26:55.381622,N,103:46:35.278931,E,16.000000, 130320.0,141217,0.000000,0,210154723
1:26:55.381622,N,103:46:35.278931,E,17.000000, 130321.0,141217,0.000000,0,210154723
1:26:55.381622,N,103:46:35.278931,E,18.000000, 130322.0,141217,0.000000,0,210154723
1:26:55.381622,N,103:46:35.278931,E,18.000000, 130323.0,141217,0.000000,0,210154723
1:26:55.381195,N,103:46:35.278931,E,18.000000, 130324.0,141217,0.000000,0,210154723
1:26:55.381195,N,103:46:35.278931,E,18.000000, 130325.0,141217,0.000000,0,210154723
1:26:55.381195,N,103:46:35.278931,E,18.000000, 130326.0,141217,0.000000,0,210154723
1:26:55.381195,N,103:46:35.278931,E,18.000000, 130327.0,141217,0.000000,0,210154723
1:26:55.380764,N,103:46:35.278931,E,18.000000, 130328.0,141217,0.000000,0,210154723
1:26:55.380764,N,103:46:35.278931,E,19.000000, 130329.0,141217,0.000000,0,210154723
1:26:55.380764,N,103:46:35.278931,E,19.000000, 130330.0,141217,0.000000,0,210154723
1:26:55.380764,N,103:46:35.278931,E,19.000000, 130332.0,141217,0.000000,0,210154723
1:26:55.380764,N,103:46:35.278931,E,19.000000, 130333.0,141217,0.000000,0,210154723
1:26:55.380764,N,103:46:35.278931,E,19.000000, 130334.0,141217,0.000000,0,210154723
1:26:55.380764,N,103:46:35.278931,E,19.000000, 130335.0,141217,0.000000,0,210154723
1:26:55.380764,N,103:46:35.278931,E,17.000000, 130336.0,141217,0.000000,0,210154723
1:26:55.380764,N,103:46:35.278931,E,17.000000, 130337.0,141217,0.000000,0,210154723
1:26:55.381195,N,103:46:35.278931,E,18.000000, 130338.0,141217,0.000000,0,210154723
1:26:55.381195,N,103:46:35.278931,E,18.000000, 130339.0,141217,0.000000,0,210154723
1:26:55.381195,N,103:46:35.278931,E,18.000000, 130340.0,141217,0.000000,0,210154723
1:26:55.381195,N,103:46:35.278931,E,17.000000, 130341.0,141217,0.000000,0,210154723
1:26:55.380764,N,103:46:35.278931,E,17.000000, 130342.0,141217,0.000000,0,210154723
1:26:55.381195,N,103:46:35.278931,E,17.000000, 130343.0,141217,0.000000,0,210154723
1:26:55.381195,N,103:46:35.278931,E,17.000000, 130344.0,141217,0.000000,0,210154723
1:26:55.380764,N,103:46:35.278931,E,17.000000, 130345.0,141217,0.000000,0,210154723
1:26:55.380764,N,103:46:35.278931,E,17.000000, 130346.0,141217,0.000000,0,210154723
1:26:55.381195,N,103:46:35.278931,E,18.000000, 130347.0,141217,0.000000,0,210154723
1:26:55.381195,N,103:46:35.278931,E,18.000000, 130348.0,141217,0.000000,0,210154723
1:26:55.380764,N,103:46:35.278931,E,18.000000, 130349.0,141217,0.000000,0,210154723
1:26:55.380764,N,103:46:35.278931,E,18.000000, 130350.0,141217,0.000000,0,210154723
1:26:55.380764,N,103:46:35.278931,E,18.000000, 130351.0,141217,0.000000,0,210154723
1:26:55.380764,N,103:46:35.278931,E,18.000000, 130353.0,141217,0.000000,0,210154723
1:26:55.380764,N,103:46:35.278931,E,18.000000, 130354.0,141217,0.000000,0,210154723
1:26:55.380764,N,103:46:35.278931,E,18.000000, 130356.0,141217,0.000000,0,210154723
1:26:55.380764,N,103:46:35.278931,E,18.000000, 130357.0,141217,0.000000,0,210154723
1:26:55.380764,N,103:46:35.278931,E,19.000000, 130358.0,141217,0.000000,0,210154723
1:26:55.380764,N,103:46:35.278931,E,19.000000, 130400.0,141217,0.000000,0,210154723
1:26:55.380764,N,103:46:35.278931,E,19.000000, 130401.0,141217,0.000000,0,210154723
1:26:55.380764,N,103:46:35.278931,E,19.000000, 130403.0,141217,0.000000,0,210154723
1:26:55.380333,N,103:46:35.278931,E,19.000000, 130405.0,141217,0.000000,0,210154723
1:26:55.380333,N,103:46:35.278931,E,19.000000, 130406.0,141217,0.000000,0,210154723
1:26:55.380333,N,103:46:35.278931,E,19.000000, 130407.0,141217,0.000000,0,210154723
1:26:55.380333,N,103:46:35.278931,E,19.000000, 130408.0,141217,0.000000,0,210154723
1:26:55.380333,N,103:46:35.278931,E,19.000000, 130409.0,141217,0.000000,0,210154723
1:26:55.380333,N,103:46:35.278931,E,19.000000, 130410.0,141217,0.000000,0,210154723
1:26:55.380333,N,103:46:35.278931,E,19.000000, 130411.0,141217,0.000000,0,210154723
1:26:55.380764,N,103:46:35.278931,E,19.000000, 130412.0,141217,0.000000,0,210154723
1:26:55.380764,N,103:46:35.278931,E,19.000000, 130413.0,141217,0.000000,0,210154723
1:26:55.380764,N,103:46:35.278931,E,19.000000, 130414.0,141217,0.000000,0,210154723
1:26:55.381195,N,103:46:35.278931,E,19.000000, 130415.0,141217,0.000000,0,210154723
1:26:55.381195,N,103:46:35.278931,E,19.000000, 130416.0,141217,0.000000,0,210154723
1:26:55.381195,N,103:46:35.278931,E,19.000000, 130417.0,141217,0.000000,0,210154723
1:26:55.381195,N,103:46:35.278931,E,19.000000, 130418.0,141217,0.000000,0,210154723
1:26:55.381195,N,103:46:35.278931,E,19.000000, 130419.0,141217,0.000000,0,210154723
1:26:55.381195,N,103:46:35.278931,E,19.000000, 130420.0,141217,0.000000,0,210154723
1:26:55.381195,N,103:46:35.278931,E,19.000000, 130421.0,141217,0.000000,0,210154723
1:26:55.381195,N,103:46:35.278931,E,19.000000, 130422.0,141217,0.000000,0,210154723
1:26:55.381622,N,103:46:35.278931,E,19.000000, 130423.0,141217,0.000000,0,210154723
1:26:55.381622,N,103:46:35.278931,E,19.000000, 130424.0,141217,0.000000,0,210154723
1:26:55.381622,N,103:46:35.278931,E,19.000000, 130425.0,141217,0.000000,0,210154723
1:26:55.381622,N,103:46:35.278931,E,19.000000, 130426.0,141217,0.000000,0,210154723
1:26:55.382050,N,103:46:35.278931,E,19.000000, 130427.0,141217,0.000000,0,210154723
1:26:55.382050,N,103:46:35.278931,E,19.000000, 130428.0,141217,0.000000,0,210154723
1:26:55.382050,N,103:46:35.278931,E,19.000000, 130429.0,141217,0.000000,0,210154723
1:26:55.382050,N,103:46:35.278931,E,19.000000, 130431.0,141217,0.000000,0,210154723
1:26:55.382050,N,103:46:35.278931,E,19.000000, 130432.0,141217,0.000000,0,210154723
1:26:55.382050,N,103:46:35.278931,E,19.000000, 130433.0,141217,0.000000,0,210154723
1:26:55.382050,N,103:46:35.278931,E,19.000000, 130434.0,141217,0.000000,0,210154723
1:26:55.382481,N,103:46:35.278931,E,19.000000, 130435.0,141217,0.000000,0,210154723
1:26:55.382481,N,103:46:35.278931,E,19.000000, 130436.0,141217,0.000000,0,210154723
1:26:55.382481,N,103:46:35.278931,E,19.000000, 130437.0,141217,0.000000,0,210154723
1:26:55.382481,N,103:46:35.278931,E,19.000000, 130438.0,141217,0.000000,0,210154723
1:26:55.382481,N,103:46:35.278931,E,19.000000, 130439.0,141217,0.000000,0,210154723
1:26:55.382912,N,103:46:35.278931,E,19.000000, 130440.0,141217,0.000000,0,210154723
1:26:55.383339,N,103:46:35.278931,E,19.000000, 130442.0,141217,0.000000,0,210154723
1:26:55.383339,N,103:46:35.278931,E,19.000000, 130443.0,141217,0.000000,0,210154723
1:26:55.383766,N,103:46:35.278931,E,19.000000, 130444.0,141217,0.000000,0,210154723
1:26:55.383766,N,103:46:35.278931,E,19.000000, 130445.0,141217,0.000000,0,210154723
1:26:55.383766,N,103:46:35.278931,E,19.000000, 130446.0,141217,0.000000,0,210154723
1:26:55.383766,N,103:46:35.278931,E,19.000000, 130447.0,141217,0.000000,0,210154723
1:26:55.383766,N,103:46:35.278931,E,19.000000, 130448.0,141217,0.000000,0,210154723
1:26:55.384197,N,103:46:35.278931,E,19.000000, 130449.0,141217,0.000000,0,210154723
1:26:55.384197,N,103:46:35.278931,E,19.000000, 130450.0,141217,0.000000,0,210154723
1:26:55.384197,N,103:46:35.278931,E,19.000000, 130451.0,141217,0.000000,0,210154723
1:26:55.384197,N,103:46:35.278931,E,19.000000, 130452.0,141217,0.000000,0,210154723
1:26:55.384197,N,103:46:35.278931,E,19.000000, 130453.0,141217,0.000000,0,210154723
1:26:55.384197,N,103:46:35.278931,E,19.000000, 130454.0,141217,0.000000,0,210154723
1:26:55.384197,N,103:46:35.278931,E,19.000000, 130455.0,141217,0.000000,0,210154723
1:26:55.384197,N,103:46:35.278931,E,19.000000, 130456.0,141217,0.000000,0,210154723
1:26:55.384197,N,103:46:35.278931,E,19.000000, 130457.0,141217,0.000000,0,210154723
1:26:55.384197,N,103:46:35.278931,E,19.000000, 130458.0,141217,0.000000,0,210154723
1:26:55.384197,N,103:46:35.278931,E,19.000000, 130459.0,141217,0.000000,0,210154723
1:26:55.384628,N,103:46:35.278931,E,19.000000, 130500.0,141217,0.000000,0,210154723
1:26:55.384628,N,103:46:35.278931,E,19.000000, 130501.0,141217,0.000000,0,210154723
1:26:55.384628,N,103:46:35.278931,E,19.000000, 130502.0,141217,0.000000,0,210154723
1:26:55.384628,N,103:46:35.278931,E,19.000000, 130503.0,141217,0.000000,0,210154723
1:26:55.385056,N,103:46:35.278931,E,19.000000, 130504.0,141217,0.000000,0,210154723
1:26:55.385056,N,103:46:35.278931,E,19.000000, 130505.0,141217,0.000000,0,210154723
1:26:55.385056,N,103:46:35.278931,E,19.000000, 130506.0,141217,0.000000,0,210154723
1:26:55.385483,N,103:46:35.278931,E,19.000000, 130507.0,141217,0.000000,0,210154723
1:26:55.385483,N,103:46:35.278931,E,19.000000, 130508.0,141217,0.000000,0,210154723
1:26:55.385914,N,103:46:35.278931,E,19.000000, 130509.0,141217,0.000000,0,210154723
1:26:55.385914,N,103:46:35.278931,E,19.000000, 130510.0,141217,0.000000,0,210154723
1:26:55.385914,N,103:46:35.278931,E,19.000000, 130511.0,141217,0.000000,0,210154723
1:26:55.386345,N,103:46:35.278931,E,19.000000, 130512.0,141217,0.000000,0,210154723
1:26:55.386345,N,103:46:35.278931,E,19.000000, 130513.0,141217,0.000000,0,210154723
1:26:55.386345,N,103:46:35.278931,E,19.000000, 130514.0,141217,0.000000,0,210154723
1:26:55.386345,N,103:46:35.278931,E,19.000000, 130515.0,141217,0.000000,0,210154723
1:26:55.386772,N,103:46:35.278931,E,19.000000, 130516.0,141217,0.000000,0,210154723
1:26:55.386772,N,103:46:35.278931,E,19.000000, 130517.0,141217,0.000000,0,210154723
1:26:55.386772,N,103:46:35.278931,E,19.000000, 130518.0,141217,0.000000,0,210154723
1:26:55.386772,N,103:46:35.278931,E,19.000000, 130519.0,141217,0.000000,0,210154723
1:26:55.386772,N,103:46:35.278931,E,19.000000, 130520.0,141217,0.000000,0,210154723
1:26:55.386772,N,103:46:35.278931,E,19.000000, 130521.0,141217,0.000000,0,210154723
1:26:55.386772,N,103:46:35.278931,E,19.000000, 130522.0,141217,0.000000,0,210154723
1:26:55.386772,N,103:46:35.278931,E,19.000000, 130523.0,141217,0.000000,0,210154723
1:26:55.386772,N,103:46:35.278931,E,19.000000, 130524.0,141217,0.000000,0,210154723
1:26:55.386772,N,103:46:35.278931,E,19.000000, 130525.0,141217,0.000000,0,210154723
1:26:55.386772,N,103:46:35.278931,E,19.000000, 130526.0,141217,0.000000,0,210154723
1:26:55.386772,N,103:46:35.278931,E,19.000000, 130527.0,141217,0.000000,0,210154723
1:26:55.386772,N,103:46:35.278931,E,19.000000, 130528.0,141217,0.000000,0,210154723
1:26:55.386772,N,103:46:35.278931,E,19.000000, 130529.0,141217,0.000000,0,210154723
1:26:55.386772,N,103:46:35.278931,E,19.000000, 130530.0,141217,0.000000,0,210154723
1:26:55.386772,N,103:46:35.278931,E,19.000000, 130531.0,141217,0.000000,0,210154723
1:26:55.386772,N,103:46:35.278931,E,19.000000, 130532.0,141217,0.000000,0,210154723
1:26:55.386772,N,103:46:35.278931,E,19.000000, 130533.0,141217,0.000000,0,210154723
1:26:55.386772,N,103:46:35.278931,E,19.000000, 130534.0,141217,0.000000,0,210154723
1:26:55.386772,N,103:46:35.278931,E,19.000000, 130535.0,141217,0.000000,0,210154723
1:26:55.386772,N,103:46:35.278931,E,19.000000, 130536.0,141217,0.000000,0,210154723
1:26:55.386772,N,103:46:35.278931,E,19.000000, 130537.0,141217,0.000000,0,210154723
1:26:55.387199,N,103:46:35.278931,E,19.000000, 130538.0,141217,0.000000,0,210154723
1:26:55.387199,N,103:46:35.278931,E,19.000000, 130539.0,141217,0.000000,0,210154723
1:26:55.387630,N,103:46:35.278931,E,19.000000, 130540.0,141217,0.000000,0,210154723
1:26:55.387199,N,103:46:35.278931,E,19.000000, 130541.0,141217,0.000000,0,210154723
1:26:55.387630,N,103:46:35.278931,E,19.000000, 130542.0,141217,0.000000,0,210154723
1:26:55.387630,N,103:46:35.278931,E,19.000000, 130543.0,141217,0.000000,0,210154723
1:26:55.387630,N,103:46:35.278931,E,19.000000, 130544.0,141217,0.000000,0,210154723
1:26:55.387630,N,103:46:35.278931,E,19.000000, 130545.0,141217,0.000000,0,210154723
1:26:55.387630,N,103:46:35.278931,E,18.000000, 130546.0,141217,0.000000,0,210154723
1:26:55.387630,N,103:46:35.278931,E,18.000000, 130547.0,141217,0.000000,0,210154723
1:26:55.388062,N,103:46:35.278931,E,19.000000, 130548.0,141217,0.000000,0,210154723
1:26:55.388062,N,103:46:35.278931,E,18.000000, 130549.0,141217,0.000000,0,210154723
1:26:55.388062,N,103:46:35.278931,E,18.000000, 130551.0,141217,0.000000,0,210154723
1:26:55.388062,N,103:46:35.278931,E,18.000000, 130552.0,141217,0.000000,0,210154723
1:26:55.388062,N,103:46:35.278931,E,18.000000, 130554.0,141217,0.000000,0,210154723
1:26:55.388062,N,103:46:35.278931,E,18.000000, 130555.0,141217,0.000000,0,210154723
1:26:55.388062,N,103:46:35.278931,E,18.000000, 130557.0,141217,0.000000,0,210154723
1:26:55.388062,N,103:46:35.278931,E,18.000000, 130558.0,141217,0.000000,0,210154723
1:26:55.387630,N,103:46:35.278931,E,18.000000, 130600.0,141217,0.000000,0,210154723
1:26:55.387630,N,103:46:35.278931,E,18.000000, 130601.0,141217,0.000000,0,210154723
1:26:55.387630,N,103:46:35.278931,E,18.000000, 130603.0,141217,0.000000,0,210154723
1:26:55.387630,N,103:46:35.278931,E,18.000000, 130604.0,141217,0.000000,0,210154723
1:26:55.387630,N,103:46:35.278931,E,19.000000, 130605.0,141217,0.000000,0,210154723
1:26:55.387630,N,103:46:35.278931,E,19.000000, 130606.0,141217,0.000000,0,210154723
1:26:55.387630,N,103:46:35.278931,E,19.000000, 130607.0,141217,0.000000,0,210154723
1:26:55.387630,N,103:46:35.278931,E,19.000000, 130608.0,141217,0.000000,0,210154723
1:26:55.387630,N,103:46:35.278931,E,19.000000, 130609.0,141217,0.000000,0,210154723
1:26:55.387630,N,103:46:35.278931,E,18.000000, 130610.0,141217,0.000000,0,210154723
1:26:55.387630,N,103:46:35.278931,E,18.000000, 130611.0,141217,0.000000,0,210154723
1:26:55.387630,N,103:46:35.278931,E,19.000000, 130612.0,141217,0.000000,0,210154723
1:26:55.387630,N,103:46:35.278931,E,18.000000, 130613.0,141217,0.000000,0,210154723
1:26:55.387199,N,103:46:35.278931,E,18.000000, 130614.0,141217,0.000000,0,210154723
1:26:55.387199,N,103:46:35.278931,E,18.000000, 130615.0,141217,0.000000,0,210154723
1:26:55.387199,N,103:46:35.278931,E,18.000000, 130616.0,141217,0.000000,0,210154723
1:26:55.387199,N,103:46:35.278931,E,19.000000, 130617.0,141217,0.000000,0,210154723
1:26:55.387199,N,103:46:35.278931,E,19.000000, 130618.0,141217,0.000000,0,210154723
1:26:55.387199,N,103:46:35.278931,E,18.000000, 130619.0,141217,0.000000,0,210154723
1:26:55.387199,N,103:46:35.278931,E,18.000000, 130620.0,141217,0.000000,0,210154723
1:26:55.387199,N,103:46:35.278931,E,18.000000, 130621.0,141217,0.000000,0,210154723
1:26:55.387199,N,103:46:35.278931,E,17.000000, 130622.0,141217,0.000000,0,210154723
1:26:55.387199,N,103:46:35.278931,E,18.000000, 130623.0,141217,0.000000,0,210154723
1:26:55.387199,N,103:46:35.278931,E,18.000000, 130624.0,141217,0.000000,0,210154723
1:26:55.386772,N,103:46:35.278931,E,18.000000, 130625.0,141217,0.000000,0,210154723
1:26:55.386772,N,103:46:35.278931,E,18.000000, 130626.0,141217,0.000000,0,210154723
1:26:55.386772,N,103:46:35.278931,E,18.000000, 130627.0,141217,0.000000,0,210154723
1:26:55.386772,N,103:46:35.278931,E,18.000000, 130628.0,141217,0.000000,0,210154723
1:26:55.386772,N,103:46:35.278931,E,18.000000, 130629.0,141217,0.000000,0,210154723
1:26:55.386772,N,103:46:35.278931,E,18.000000, 130630.0,141217,0.000000,0,210154723
1:26:55.386772,N,103:46:35.278931,E,18.000000, 130631.0,141217,0.000000,0,210154723
1:26:55.386772,N,103:46:35.278931,E,18.000000, 130632.0,141217,0.000000,0,210154723
1:26:55.386772,N,103:46:35.278931,E,18.000000, 130633.0,141217,0.000000,0,210154723
1:26:55.386772,N,103:46:35.278931,E,18.000000, 130634.0,141217,0.000000,0,210154723
1:26:55.386772,N,103:46:35.278931,E,18.000000, 130635.0,141217,0.000000,0,210154723
1:26:55.386772,N,103:46:35.278931,E,18.000000, 130636.0,141217,0.000000,0,210154723
1:26:55.386772,N,103:46:35.278931,E,18.000000, 130637.0,141217,0.000000,0,210154723
1:26:55.386772,N,103:46:35.278931,E,18.000000, 130638.0,141217,0.000000,0,210154723
1:26:55.386772,N,103:46:35.278931,E,18.000000, 130639.0,141217,0.000000,0,210154723
1:26:55.386345,N,103:46:35.278931,E,18.000000, 130640.0,141217,0.000000,0,210154723
1:26:55.386345,N,103:46:35.278931,E,18.000000, 130641.0,141217,0.000000,0,210154723
1:26:55.386345,N,103:46:35.278931,E,18.000000, 130642.0,141217,0.000000,0,210154723
1:26:55.386345,N,103:46:35.278931,E,18.000000, 130643.0,141217,0.000000,0,210154723
1:26:55.386345,N,103:46:35.278931,E,18.000000, 130644.0,141217,0.000000,0,210154723
1:26:55.386345,N,103:46:35.278931,E,18.000000, 130645.0,141217,0.000000,0,210154723
1:26:55.386345,N,103:46:35.278931,E,18.000000, 130646.0,141217,0.000000,0,210154723
1:26:55.386345,N,103:46:35.278931,E,18.000000, 130647.0,141217,0.000000,0,210154723
1:26:55.386345,N,103:46:35.278931,E,18.000000, 130648.0,141217,0.000000,0,210154723
1:26:55.386345,N,103:46:35.278931,E,18.000000, 130650.0,141217,0.000000,0,210154723
1:26:55.386345,N,103:46:35.278931,E,19.000000, 130651.0,141217,0.000000,0,210154723
1:26:55.386345,N,103:46:35.278931,E,19.000000, 130652.0,141217,0.000000,0,210154723
1:26:55.386345,N,103:46:35.278931,E,19.000000, 130653.0,141217,0.000000,0,210154723
1:26:55.386345,N,103:46:35.278931,E,19.000000, 130654.0,141217,0.000000,0,210154723
1:26:55.386772,N,103:46:35.278931,E,19.000000, 130655.0,141217,0.000000,0,210154723
1:26:55.386772,N,103:46:35.278931,E,19.000000, 130656.0,141217,0.000000,0,210154723
1:26:55.386772,N,103:46:35.278931,E,19.000000, 130657.0,141217,0.000000,0,210154723
1:26:55.386772,N,103:46:35.278931,E,19.000000, 130658.0,141217,0.000000,0,210154723
1:26:55.386345,N,103:46:35.278931,E,19.000000, 130659.0,141217,0.000000,0,210154723
1:26:55.386345,N,103:46:35.278931,E,19.000000, 130700.0,141217,0.000000,0,210154723
1:26:55.386345,N,103:46:35.278931,E,19.000000, 130701.0,141217,0.000000,0,210154723
1:26:55.386345,N,103:46:35.278931,E,19.000000, 130702.0,141217,0.000000,0,210154723
1:26:55.386345,N,103:46:35.278931,E,19.000000, 130703.0,141217,0.000000,0,210154723
1:26:55.386345,N,103:46:35.278931,E,19.000000, 130704.0,141217,0.000000,0,210154723
1:26:55.385914,N,103:46:35.278931,E,19.000000, 130705.0,141217,0.000000,0,210154723
1:26:55.385914,N,103:46:35.278931,E,19.000000, 130706.0,141217,0.000000,0,210154723
1:26:55.385914,N,103:46:35.278931,E,19.000000, 130707.0,141217,0.000000,0,210154723
1:26:55.385914,N,103:46:35.278931,E,19.000000, 130708.0,141217,0.000000,0,210154723
1:26:55.385914,N,103:46:35.278931,E,19.000000, 130709.0,141217,0.000000,0,210154723
1:26:55.385914,N,103:46:35.278931,E,19.000000, 130710.0,141217,0.000000,0,210154723
1:26:55.385914,N,103:46:35.278931,E,19.000000, 130712.0,141217,0.000000,0,210154723
1:26:55.385914,N,103:46:35.278931,E,19.000000, 130713.0,141217,0.000000,0,210154723
1:26:55.385914,N,103:46:35.278931,E,19.000000, 130714.0,141217,0.000000,0,210154723
1:26:55.385914,N,103:46:35.278931,E,19.000000, 130715.0,141217,0.000000,0,210154723
1:26:55.385483,N,103:46:35.278931,E,19.000000, 130716.0,141217,0.000000,0,210154723
1:26:55.385483,N,103:46:35.278931,E,19.000000, 130717.0,141217,0.000000,0,210154723
1:26:55.385483,N,103:46:35.278931,E,19.000000, 130718.0,141217,0.000000,0,210154723
1:26:55.385483,N,103:46:35.278931,E,19.000000, 130719.0,141217,0.000000,0,210154723
1:26:55.385483,N,103:46:35.278931,E,19.000000, 130720.0,141217,0.000000,0,210154723
1:26:55.385483,N,103:46:35.278931,E,19.000000, 130721.0,141217,0.000000,0,210154723
1:26:55.385483,N,103:46:35.278931,E,19.000000, 130722.0,141217,0.000000,0,210154723
1:26:55.385483,N,103:46:35.278931,E,19.000000, 130723.0,141217,0.000000,0,210154723
1:26:55.385483,N,103:46:35.278931,E,19.000000, 130724.0,141217,0.000000,0,210154723
1:26:55.385483,N,103:46:35.278931,E,19.000000, 130725.0,141217,0.000000,0,210154723
1:26:55.385483,N,103:46:35.278931,E,19.000000, 130726.0,141217,0.000000,0,210154723
1:26:55.385483,N,103:46:35.278931,E,19.000000, 130727.0,141217,0.000000,0,210154723
1:26:55.385483,N,103:46:35.278931,E,19.000000, 130728.0,141217,0.000000,0,210154723
1:26:55.385483,N,103:46:35.278931,E,19.000000, 130729.0,141217,0.000000,0,210154723
1:26:55.385056,N,103:46:35.278931,E,19.000000, 130730.0,141217,0.000000,0,210154723
1:26:55.385056,N,103:46:35.278931,E,19.000000, 130731.0,141217,0.000000,0,210154723
1:26:55.385056,N,103:46:35.278931,E,19.000000, 130732.0,141217,0.000000,0,210154723
1:26:55.385483,N,103:46:35.278931,E,19.000000, 130733.0,141217,0.000000,0,210154723
1:26:55.385056,N,103:46:35.278931,E,19.000000, 130734.0,141217,0.000000,0,210154723
1:26:55.385056,N,103:46:35.278931,E,19.000000, 130735.0,141217,0.000000,0,210154723
1:26:55.385056,N,103:46:35.278931,E,19.000000, 130736.0,141217,0.000000,0,210154723
1:26:55.385056,N,103:46:35.278931,E,19.000000, 130737.0,141217,0.000000,0,210154723
1:26:55.385483,N,103:46:35.278931,E,19.000000, 130738.0,141217,0.000000,0,210154723
1:26:55.385483,N,103:46:35.278931,E,19.000000, 130739.0,141217,0.000000,0,210154723
1:26:55.385483,N,103:46:35.278931,E,19.000000, 130740.0,141217,0.000000,0,210154723
1:26:55.385056,N,103:46:35.278931,E,19.000000, 130741.0,141217,0.000000,0,210154723
1:26:55.385483,N,103:46:35.278931,E,19.000000, 130742.0,141217,0.000000,0,210154723
1:26:55.385483,N,103:46:35.278931,E,19.000000, 130743.0,141217,0.000000,0,210154723
1:26:55.385483,N,103:46:35.278931,E,19.000000, 130744.0,141217,0.000000,0,210154723
1:26:55.385483,N,103:46:35.278931,E,19.000000, 130745.0,141217,0.000000,0,210154723
1:26:55.385483,N,103:46:35.278931,E,19.000000, 130746.0,141217,0.000000,0,210154723
1:26:55.385483,N,103:46:35.278931,E,19.000000, 130747.0,141217,0.000000,0,210154723
1:26:55.385483,N,103:46:35.278931,E,19.000000, 130748.0,141217,0.000000,0,210154723
1:26:55.385483,N,103:46:35.278931,E,19.000000, 130749.0,141217,0.000000,0,210154723
1:26:55.385483,N,103:46:35.278931,E,19.000000, 130750.0,141217,0.000000,0,210154723
1:26:55.385483,N,103:46:35.278931,E,19.000000, 130751.0,141217,0.000000,0,210154723
1:26:55.385056,N,103:46:35.278931,E,19.000000, 130752.0,141217,0.000000,0,210154723
1:26:55.385056,N,103:46:35.278931,E,19.000000, 130753.0,141217,0.000000,0,210154723
1:26:55.385056,N,103:46:35.278931,E,19.000000, 130754.0,141217,0.000000,0,210154723
1:26:55.385056,N,103:46:35.278931,E,21.000000, 130755.0,141217,0.000000,0,210154723
1:26:55.385483,N,103:46:35.278931,E,21.000000, 130756.0,141217,0.000000,0,210154723
1:26:55.385483,N,103:46:35.278931,E,20.000000, 130757.0,141217,0.000000,0,210154723
1:26:55.385483,N,103:46:35.278931,E,20.000000, 130758.0,141217,0.000000,0,210154723
1:26:55.385483,N,103:46:35.278931,E,20.000000, 130759.0,141217,0.000000,0,210154723
1:26:55.385483,N,103:46:35.278931,E,19.000000, 130800.0,141217,0.000000,0,210154723
1:26:55.385056,N,103:46:35.278931,E,20.000000, 130801.0,141217,0.000000,0,210154723
1:26:55.385056,N,103:46:35.278931,E,20.000000, 130802.0,141217,0.000000,0,210154723
1:26:55.385056,N,103:46:35.278931,E,19.000000, 130803.0,141217,0.000000,0,210154723
1:26:55.385056,N,103:46:35.278931,E,19.000000, 130804.0,141217,0.000000,0,210154723
1:26:55.385056,N,103:46:35.278931,E,19.000000, 130806.0,141217,0.000000,0,210154723
1:26:55.385056,N,103:46:35.278931,E,19.000000, 130807.0,141217,0.000000,0,210154723
1:26:55.385056,N,103:46:35.278931,E,19.000000, 130808.0,141217,0.000000,0,210154723
1:26:55.385056,N,103:46:35.278931,E,19.000000, 130809.0,141217,0.000000,0,210154723
1:26:55.529251,N,103:46:34.757080,E,23.000000, 133010.0,141217,0.000000,0,210154723
1:26:55.544701,N,103:46:34.812012,E,18.000000, 133011.0,141217,0.000000,0,210154723
1:26:55.461445,N,103:46:34.949341,E,21.000000, 133012.0,141217,0.000000,0,-10
1:26:55.486336,N,103:46:34.949341,E,20.000000, 133013.0,141217,0.000000,0,210154723
1:26:55.503502,N,103:46:34.976807,E,16.000000, 133014.0,141217,0.000000,0,210154723
1:26:55.509510,N,103:46:35.004272,E,17.000000, 133015.0,141217,0.000000,0,210154723
1:26:55.521526,N,103:46:35.004272,E,20.000000, 133016.0,141217,0.000000,0,210154723
1:26:55.519810,N,103:46:35.004272,E,20.000000, 133017.0,141217,0.000000,0,210154723
1:26:55.502644,N,103:46:35.086670,E,20.000000, 133019.0,141217,0.000000,0,210154723
1:26:55.497494,N,103:46:35.086670,E,20.000000, 133020.0,141217,0.000000,0,210154723
1:26:55.496635,N,103:46:35.114136,E,20.000000, 133021.0,141217,0.000000,0,210154723
1:26:55.423679,N,103:46:35.306396,E,20.000000, 133022.0,141217,0.000000,6,-10
1:26:55.356300,N,103:46:35.388794,E,22.000000, 133023.0,141217,0.000000,3,-10
1:26:55.300941,N,103:46:35.471191,E,23.000000, 133024.0,141217,0.000000,4,-10
1:26:55.231419,N,103:46:35.581055,E,25.000000, 133025.0,141217,0.000000,5,-10
1:26:55.208244,N,103:46:35.581055,E,26.000000, 133026.0,141217,0.000000,0,-10
1:26:55.199661,N,103:46:35.553589,E,28.000000, 133027.0,141217,0.000000,0,-10
1:26:55.188072,N,103:46:35.553589,E,28.000000, 133028.0,141217,0.000000,0,-10
1:26:55.192368,N,103:46:35.498657,E,27.000000, 133029.0,141217,0.000000,0,-10
1:26:55.212536,N,103:46:35.443726,E,25.000000, 133030.0,141217,0.000000,0,-10
1:26:55.249016,N,103:46:35.361328,E,22.000000, 133031.0,141217,0.000000,0,-10
1:26:55.252018,N,103:46:35.306396,E,23.000000, 133032.0,141217,0.000000,0,-10
1:26:55.255451,N,103:46:35.278931,E,22.000000, 133033.0,141217,0.000000,0,-10
1:26:55.265320,N,103:46:35.278931,E,22.000000, 133034.0,141217,0.000000,0,-10
1:26:55.270042,N,103:46:35.251465,E,22.000000, 133035.0,141217,0.000000,0,-10
1:26:55.271332,N,103:46:35.251465,E,22.000000, 133036.0,141217,0.000000,0,-10
1:26:55.272617,N,103:46:35.251465,E,22.000000, 133037.0,141217,0.000000,0,-10
1:26:55.273476,N,103:46:35.251465,E,21.000000, 133038.0,141217,0.000000,0,-10
1:26:55.273476,N,103:46:35.251465,E,21.000000, 133039.0,141217,0.000000,0,-10
1:26:55.274334,N,103:46:35.251465,E,21.000000, 133040.0,141217,0.000000,0,-10
1:26:55.275620,N,103:46:35.251465,E,21.000000, 133041.0,141217,0.000000,0,-10
1:26:55.276482,N,103:46:35.251465,E,21.000000, 133042.0,141217,0.000000,0,-10
1:26:55.277336,N,103:46:35.251465,E,21.000000, 133043.0,141217,0.000000,0,-10
1:26:55.277767,N,103:46:35.251465,E,21.000000, 133044.0,141217,0.000000,0,-10
1:26:55.277767,N,103:46:35.251465,E,21.000000, 133045.0,141217,0.000000,0,-10
1:26:55.277767,N,103:46:35.251465,E,21.000000, 133046.0,141217,0.000000,0,-10
1:26:55.277767,N,103:46:35.251465,E,21.000000, 133047.0,141217,0.000000,0,-10
1:26:55.278198,N,103:46:35.251465,E,21.000000, 133048.0,141217,0.000000,0,-10
1:26:55.278198,N,103:46:35.251465,E,21.000000, 133049.0,141217,0.000000,0,-10
1:26:55.278625,N,103:46:35.251465,E,21.000000, 133050.0,141217,0.000000,0,-10
1:26:55.278625,N,103:46:35.251465,E,21.000000, 133051.0,141217,0.000000,0,-10
1:26:55.279053,N,103:46:35.251465,E,21.000000, 133052.0,141217,0.000000,0,-10
1:26:55.279053,N,103:46:35.251465,E,21.000000, 133053.0,141217,0.000000,0,-10
1:26:55.279484,N,103:46:35.251465,E,21.000000, 133054.0,141217,0.000000,0,-10
1:26:55.279053,N,103:46:35.251465,E,21.000000, 133055.0,141217,0.000000,0,-10
1:26:55.279484,N,103:46:35.251465,E,21.000000, 133056.0,141217,0.000000,0,-10
1:26:55.279484,N,103:46:35.251465,E,21.000000, 133057.0,141217,0.000000,0,-10
1:26:55.278625,N,103:46:35.251465,E,21.000000, 133058.0,141217,0.000000,0,-10
1:26:55.278198,N,103:46:35.251465,E,21.000000, 133059.0,141217,0.000000,0,-10
1:26:55.278198,N,103:46:35.251465,E,21.000000, 133100.0,141217,0.000000,0,-10
1:26:55.278198,N,103:46:35.251465,E,21.000000, 133101.0,141217,0.000000,0,-10
1:26:55.278198,N,103:46:35.251465,E,21.000000, 133102.0,141217,0.000000,0,-10
1:26:55.278198,N,103:46:35.251465,E,21.000000, 133103.0,141217,0.000000,0,-10
1:26:55.278198,N,103:46:35.251465,E,21.000000, 133104.0,141217,0.000000,0,-10
1:26:55.278198,N,103:46:35.251465,E,21.000000, 133105.0,141217,0.000000,0,-10
1:26:55.278198,N,103:46:35.251465,E,21.000000, 133106.0,141217,0.000000,0,-10
1:26:55.277336,N,103:46:35.251465,E,21.000000, 133107.0,141217,0.000000,0,-10
1:26:55.277336,N,103:46:35.251465,E,21.000000, 133108.0,141217,0.000000,0,-10
1:26:55.276051,N,103:46:35.251465,E,21.000000, 133109.0,141217,0.000000,0,-10
1:26:55.274765,N,103:46:35.251465,E,21.000000, 133110.0,141217,0.000000,0,-10
1:26:55.274334,N,103:46:35.251465,E,21.000000, 133111.0,141217,0.000000,0,-10
1:26:55.273903,N,103:46:35.251465,E,21.000000, 133112.0,141217,0.000000,0,-10
1:26:55.272617,N,103:46:35.278931,E,21.000000, 133113.0,141217,0.000000,0,-10
1:26:55.272186,N,103:46:35.278931,E,21.000000, 133114.0,141217,0.000000,0,-10
1:26:55.271759,N,103:46:35.278931,E,21.000000, 133115.0,141217,0.000000,0,-10
1:26:55.270470,N,103:46:35.278931,E,21.000000, 133116.0,141217,0.000000,0,-10
1:26:55.269615,N,103:46:35.278931,E,21.000000, 133117.0,141217,0.000000,0,-10
1:26:55.268753,N,103:46:35.278931,E,21.000000, 133118.0,141217,0.000000,0,-10
1:26:55.267899,N,103:46:35.278931,E,22.000000, 133119.0,141217,0.000000,0,-10
1:26:55.267467,N,103:46:35.278931,E,22.000000, 133120.0,141217,0.000000,0,-10
1:26:55.266609,N,103:46:35.278931,E,22.000000, 133121.0,141217,0.000000,0,-10
1:26:55.266609,N,103:46:35.278931,E,22.000000, 133122.0,141217,0.000000,0,-10
1:26:55.266182,N,103:46:35.278931,E,22.000000, 133123.0,141217,0.000000,0,-10
1:26:55.266182,N,103:46:35.278931,E,22.000000, 133124.0,141217,0.000000,0,-10
1:26:55.265751,N,103:46:35.278931,E,22.000000, 133125.0,141217,0.000000,0,-10
1:26:55.264893,N,103:46:35.278931,E,22.000000, 133126.0,141217,0.000000,0,-10
1:26:55.265320,N,103:46:35.278931,E,22.000000, 133127.0,141217,0.000000,0,-10
1:26:55.265320,N,103:46:35.278931,E,22.000000, 133128.0,141217,0.000000,0,-10
1:26:55.264893,N,103:46:35.278931,E,22.000000, 133129.0,141217,0.000000,0,-10
1:26:55.264893,N,103:46:35.278931,E,22.000000, 133130.0,141217,0.000000,0,-10
1:26:55.264893,N,103:46:35.278931,E,22.000000, 133131.0,141217,0.000000,0,-10
1:26:55.264465,N,103:46:35.278931,E,22.000000, 133132.0,141217,0.000000,0,-10
1:26:55.264893,N,103:46:35.278931,E,22.000000, 133133.0,141217,0.000000,0,-10
1:26:55.264893,N,103:46:35.278931,E,22.000000, 133134.0,141217,0.000000,0,-10
1:26:55.264893,N,103:46:35.278931,E,22.000000, 133135.0,141217,0.000000,0,-10
1:26:55.264893,N,103:46:35.278931,E,22.000000, 133136.0,141217,0.000000,0,-10
1:26:55.264465,N,103:46:35.278931,E,22.000000, 133137.0,141217,0.000000,0,-10
1:26:55.265320,N,103:46:35.278931,E,22.000000, 133138.0,141217,0.000000,0,-10
1:26:55.265751,N,103:46:35.278931,E,19.000000, 133139.0,141217,0.000000,0,-10
1:26:55.265320,N,103:46:35.278931,E,19.000000, 133140.0,141217,0.000000,0,-10
1:26:55.265320,N,103:46:35.278931,E,20.000000, 133141.0,141217,0.000000,0,-10
1:26:55.265751,N,103:46:35.278931,E,20.000000, 133142.0,141217,0.000000,0,-10
1:26:55.266609,N,103:46:35.278931,E,21.000000, 133143.0,141217,0.000000,0,-10
1:26:55.267036,N,103:46:35.278931,E,21.000000, 133144.0,141217,0.000000,0,-10
1:26:55.267036,N,103:46:35.278931,E,21.000000, 133145.0,141217,0.000000,0,-10
1:26:55.266609,N,103:46:35.278931,E,22.000000, 133146.0,141217,0.000000,0,-10
1:26:55.266609,N,103:46:35.278931,E,22.000000, 133147.0,141217,0.000000,0,-10
1:26:55.266609,N,103:46:35.278931,E,22.000000, 133148.0,141217,0.000000,0,-10
1:26:55.266182,N,103:46:35.278931,E,22.000000, 133149.0,141217,0.000000,0,-10
1:26:55.267036,N,103:46:35.278931,E,22.000000, 133150.0,141217,0.000000,0,-10
1:26:55.266609,N,103:46:35.278931,E,22.000000, 133151.0,141217,0.000000,0,-10
1:26:55.265751,N,103:46:35.278931,E,22.000000, 133152.0,141217,0.000000,0,-10
1:26:55.266182,N,103:46:35.278931,E,22.000000, 133153.0,141217,0.000000,0,-10
1:26:55.266182,N,103:46:35.278931,E,22.000000, 133154.0,141217,0.000000,0,-10
1:26:55.265751,N,103:46:35.278931,E,22.000000, 133155.0,141217,0.000000,0,-10
1:26:55.265751,N,103:46:35.278931,E,22.000000, 133156.0,141217,0.000000,0,-10
1:26:55.265320,N,103:46:35.278931,E,22.000000, 133157.0,141217,0.000000,0,-10
1:26:55.265320,N,103:46:35.278931,E,22.000000, 133158.0,141217,0.000000,0,-10
1:26:55.264893,N,103:46:35.278931,E,22.000000, 133159.0,141217,0.000000,0,-10
1:26:55.264893,N,103:46:35.278931,E,22.000000, 133200.0,141217,0.000000,0,-10
1:26:55.264893,N,103:46:35.278931,E,22.000000, 133201.0,141217,0.000000,0,-10
1:26:55.265320,N,103:46:35.278931,E,21.000000, 133202.0,141217,0.000000,0,-10
1:26:55.266609,N,103:46:35.278931,E,21.000000, 133203.0,141217,0.000000,0,-10
1:26:55.267467,N,103:46:35.278931,E,21.000000, 133204.0,141217,0.000000,0,-10
1:26:55.269184,N,103:46:35.278931,E,21.000000, 133205.0,141217,0.000000,0,-10
1:26:55.270470,N,103:46:35.278931,E,22.000000, 133206.0,141217,0.000000,0,-10
1:26:55.270901,N,103:46:35.278931,E,22.000000, 133207.0,141217,0.000000,0,-10
1:26:55.271332,N,103:46:35.278931,E,21.000000, 133208.0,141217,0.000000,0,-10
1:26:55.272186,N,103:46:35.278931,E,21.000000, 133209.0,141217,0.000000,0,-10
1:26:55.272617,N,103:46:35.251465,E,21.000000, 133210.0,141217,0.000000,0,-10
1:26:55.273048,N,103:46:35.251465,E,21.000000, 133211.0,141217,0.000000,0,-10
1:26:55.273476,N,103:46:35.251465,E,21.000000, 133212.0,141217,0.000000,0,-10
1:26:55.274334,N,103:46:35.251465,E,21.000000, 133213.0,141217,0.000000,0,-10
1:26:55.275192,N,103:46:35.251465,E,21.000000, 133214.0,141217,0.000000,0,-10
1:26:55.276051,N,103:46:35.251465,E,21.000000, 133215.0,141217,0.000000,0,-10
1:26:55.276482,N,103:46:35.251465,E,21.000000, 133216.0,141217,0.000000,0,-10
1:26:55.276482,N,103:46:35.251465,E,21.000000, 133217.0,141217,0.000000,0,-10
1:26:55.276909,N,103:46:35.251465,E,21.000000, 133218.0,141217,0.000000,0,-10
1:26:55.277336,N,103:46:35.251465,E,21.000000, 133219.0,141217,0.000000,0,-10
1:26:55.277336,N,103:46:35.251465,E,21.000000, 133220.0,141217,0.000000,0,-10
1:26:55.277767,N,103:46:35.251465,E,21.000000, 133221.0,141217,0.000000,0,-10
1:26:55.278198,N,103:46:35.251465,E,21.000000, 133222.0,141217,0.000000,0,-10
1:26:55.278198,N,103:46:35.251465,E,21.000000, 133223.0,141217,0.000000,0,-10
1:26:55.278625,N,103:46:35.251465,E,21.000000, 133224.0,141217,0.000000,0,-10
1:26:55.278625,N,103:46:35.251465,E,21.000000, 133225.0,141217,0.000000,0,-10
1:26:55.279053,N,103:46:35.251465,E,21.000000, 133226.0,141217,0.000000,0,-10
1:26:55.279053,N,103:46:35.251465,E,21.000000, 133227.0,141217,0.000000,0,-10
1:26:55.278625,N,103:46:35.251465,E,21.000000, 133229.0,141217,0.000000,0,-10
1:26:55.279053,N,103:46:35.251465,E,21.000000, 133230.0,141217,0.000000,0,-10
1:26:55.279053,N,103:46:35.251465,E,21.000000, 133231.0,141217,0.000000,0,-10
1:26:55.279053,N,103:46:35.251465,E,21.000000, 133232.0,141217,0.000000,0,-10
1:26:55.279053,N,103:46:35.251465,E,21.000000, 133233.0,141217,0.000000,0,-10
1:26:55.279053,N,103:46:35.251465,E,21.000000, 133234.0,141217,0.000000,0,-10
1:26:55.279053,N,103:46:35.251465,E,21.000000, 133235.0,141217,0.000000,0,-10
1:26:55.279053,N,103:46:35.251465,E,21.000000, 133236.0,141217,0.000000,0,-10
1:26:55.279053,N,103:46:35.251465,E,21.000000, 133237.0,141217,0.000000,0,-10
1:26:55.279053,N,103:46:35.251465,E,21.000000, 133238.0,141217,0.000000,0,-10
1:26:55.278625,N,103:46:35.251465,E,21.000000, 133239.0,141217,0.000000,0,-10
1:26:55.279053,N,103:46:35.251465,E,21.000000, 133240.0,141217,0.000000,0,-10
1:26:55.278625,N,103:46:35.251465,E,21.000000, 133241.0,141217,0.000000,0,-10
1:26:55.279053,N,103:46:35.251465,E,21.000000, 133242.0,141217,0.000000,0,-10
1:26:55.278625,N,103:46:35.251465,E,21.000000, 133243.0,141217,0.000000,0,-10
1:26:55.278198,N,103:46:35.251465,E,21.000000, 133244.0,141217,0.000000,0,-10
1:26:55.278198,N,103:46:35.251465,E,21.000000, 133245.0,141217,0.000000,0,-10
1:26:55.279053,N,103:46:35.251465,E,21.000000, 133246.0,141217,0.000000,0,-10
1:26:55.279053,N,103:46:35.251465,E,21.000000, 133247.0,141217,0.000000,0,-10
1:26:55.279053,N,103:46:35.251465,E,21.000000, 133248.0,141217,0.000000,0,-10
1:26:55.280342,N,103:46:35.251465,E,21.000000, 133249.0,141217,0.000000,0,-10
1:26:55.281631,N,103:46:35.251465,E,21.000000, 133250.0,141217,0.000000,0,-10
1:26:55.281631,N,103:46:35.251465,E,21.000000, 133251.0,141217,0.000000,0,-10
1:26:55.281631,N,103:46:35.251465,E,21.000000, 133252.0,141217,0.000000,0,-10
1:26:55.282917,N,103:46:35.251465,E,21.000000, 133253.0,141217,0.000000,0,-10
1:26:55.282917,N,103:46:35.251465,E,21.000000, 133254.0,141217,0.000000,0,-10
1:26:55.282917,N,103:46:35.251465,E,21.000000, 133255.0,141217,0.000000,0,-10
1:26:55.282917,N,103:46:35.251465,E,21.000000, 133256.0,141217,0.000000,0,-10
1:26:55.282486,N,103:46:35.251465,E,21.000000, 133257.0,141217,0.000000,0,-10
1:26:55.282486,N,103:46:35.251465,E,21.000000, 133258.0,141217,0.000000,0,-10
1:26:55.282917,N,103:46:35.251465,E,21.000000, 133259.0,141217,0.000000,0,-10
1:26:55.281631,N,103:46:35.251465,E,21.000000, 133300.0,141217,0.000000,0,-10
1:26:55.281631,N,103:46:35.251465,E,21.000000, 133301.0,141217,0.000000,0,-10
1:26:55.281631,N,103:46:35.251465,E,21.000000, 133302.0,141217,0.000000,0,-10
1:26:55.281200,N,103:46:35.251465,E,21.000000, 133303.0,141217,0.000000,0,-10
1:26:55.280769,N,103:46:35.251465,E,21.000000, 133304.0,141217,0.000000,0,-10
1:26:55.281200,N,103:46:35.251465,E,21.000000, 133305.0,141217,0.000000,0,-10
1:26:55.281200,N,103:46:35.251465,E,21.000000, 133306.0,141217,0.000000,0,-10
1:26:55.280342,N,103:46:35.251465,E,21.000000, 133307.0,141217,0.000000,0,-10
1:26:55.280342,N,103:46:35.251465,E,21.000000, 133308.0,141217,0.000000,0,-10
1:26:55.279915,N,103:46:35.251465,E,21.000000, 133309.0,141217,0.000000,0,-10
1:26:55.279915,N,103:46:35.251465,E,21.000000, 133310.0,141217,0.000000,0,-10
1:26:55.279484,N,103:46:35.251465,E,21.000000, 133311.0,141217,0.000000,0,-10
1:26:55.279484,N,103:46:35.251465,E,21.000000, 133312.0,141217,0.000000,0,-10
1:26:55.279915,N,103:46:35.251465,E,21.000000, 133313.0,141217,0.000000,0,-10
1:26:55.279915,N,103:46:35.251465,E,21.000000, 133314.0,141217,0.000000,0,-10
1:26:55.279915,N,103:46:35.251465,E,21.000000, 133315.0,141217,0.000000,0,-10
1:26:55.280342,N,103:46:35.251465,E,21.000000, 133316.0,141217,0.000000,0,-10
1:26:55.279915,N,103:46:35.251465,E,21.000000, 133317.0,141217,0.000000,0,-10
1:26:55.279915,N,103:46:35.251465,E,21.000000, 133319.0,141217,0.000000,0,-10
1:26:55.279915,N,103:46:35.251465,E,21.000000, 133320.0,141217,0.000000,0,-10
1:26:55.279915,N,103:46:35.251465,E,21.000000, 133321.0,141217,0.000000,0,-10
1:26:55.280769,N,103:46:35.251465,E,21.000000, 133322.0,141217,0.000000,0,-10
1:26:55.281631,N,103:46:35.251465,E,21.000000, 133323.0,141217,0.000000,0,-10
1:26:55.282059,N,103:46:35.251465,E,21.000000, 133324.0,141217,0.000000,0,-10
1:26:55.282486,N,103:46:35.251465,E,21.000000, 133325.0,141217,0.000000,0,-10
1:26:55.282059,N,103:46:35.251465,E,21.000000, 133327.0,141217,0.000000,0,-10
1:26:55.281631,N,103:46:35.251465,E,22.000000, 133328.0,141217,0.000000,0,-10
1:26:55.281631,N,103:46:35.251465,E,22.000000, 133329.0,141217,0.000000,0,-10
1:26:55.280769,N,103:46:35.251465,E,22.000000, 133330.0,141217,0.000000,0,-10
1:26:55.280769,N,103:46:35.251465,E,22.000000, 133331.0,141217,0.000000,0,-10
1:26:55.280769,N,103:46:35.251465,E,22.000000, 133332.0,141217,0.000000,0,-10
1:26:55.280769,N,103:46:35.251465,E,22.000000, 133333.0,141217,0.000000,0,-10
1:26:55.280769,N,103:46:35.251465,E,22.000000, 133335.0,141217,0.000000,0,-10
1:26:55.280769,N,103:46:35.251465,E,22.000000, 133336.0,141217,0.000000,0,-10
1:26:55.280342,N,103:46:35.251465,E,22.000000, 133337.0,141217,0.000000,0,-10
1:26:55.279915,N,103:46:35.251465,E,22.000000, 133338.0,141217,0.000000,0,-10
1:26:55.279484,N,103:46:35.251465,E,22.000000, 133339.0,141217,0.000000,0,-10
1:26:55.279915,N,103:46:35.251465,E,22.000000, 133340.0,141217,0.000000,0,-10
