1:18:43.382950,N,103:47:44.685059,E,32.000000, 185549.0,141217,0.000000,21,210129316
1:18:43.396255,N,103:47:44.685059,E,32.000000, 185552.0,141217,0.000000,0,210129316
1:18:43.397541,N,103:47:44.712524,E,32.000000, 185553.0,141217,0.000000,0,210129316
1:18:43.395824,N,103:47:44.712524,E,32.000000, 185554.0,141217,0.000000,0,210129316
1:18:43.394966,N,103:47:44.712524,E,32.000000, 185555.0,141217,0.000000,0,210129316
1:18:43.396683,N,103:47:44.739990,E,32.000000, 185556.0,141217,0.000000,0,210129316
1:18:43.397541,N,103:47:44.739990,E,32.000000, 185557.0,141217,0.000000,0,210129316
1:18:43.397110,N,103:47:44.739990,E,33.000000, 185558.0,141217,0.000000,0,210129316
1:18:43.399258,N,103:47:44.767456,E,33.000000, 185559.0,141217,0.000000,0,210129316
1:18:43.402691,N,103:47:44.767456,E,34.000000, 185600.0,141217,0.000000,0,210129316
1:18:43.403976,N,103:47:44.767456,E,34.000000, 185601.0,141217,0.000000,0,210129316
1:18:43.403122,N,103:47:44.794922,E,34.000000, 185602.0,141217,0.000000,0,210129316
1:18:43.391106,N,103:47:44.849854,E,33.000000, 185603.0,141217,0.000000,0,210129316
1:18:43.386383,N,103:47:44.877319,E,33.000000, 185604.0,141217,0.000000,0,210129316
1:18:43.383377,N,103:47:44.904785,E,34.000000, 185605.0,141217,0.000000,0,210129316
1:18:43.375656,N,103:47:44.932251,E,34.000000, 185606.0,141217,0.000000,0,210129316
1:18:43.384239,N,103:47:44.959717,E,33.000000, 185607.0,141217,0.000000,0,210129316
1:18:43.393250,N,103:47:44.987183,E,33.000000, 185608.0,141217,0.000000,0,210129316
1:18:43.395393,N,103:47:44.987183,E,33.000000, 185609.0,141217,0.000000,0,210129316
1:18:43.404408,N,103:47:45.014648,E,33.000000, 185610.0,141217,0.000000,0,210129316
1:18:43.402260,N,103:47:45.014648,E,33.000000, 185611.0,141217,0.000000,0,210129316
1:18:43.407410,N,103:47:45.014648,E,33.000000, 185612.0,141217,0.000000,0,210129316
1:18:43.409988,N,103:47:45.014648,E,33.000000, 185613.0,141217,0.000000,0,210129316
1:18:43.408272,N,103:47:45.014648,E,33.000000, 185614.0,141217,0.000000,0,210129316
1:18:43.406555,N,103:47:45.014648,E,33.000000, 185615.0,141217,0.000000,0,210129316
1:18:43.406555,N,103:47:45.014648,E,33.000000, 185616.0,141217,0.000000,0,210129316
1:18:43.406555,N,103:47:45.014648,E,33.000000, 185617.0,141217,0.000000,0,210129316
1:18:43.406555,N,103:47:45.014648,E,33.000000, 185618.0,141217,0.000000,0,210129316
1:18:43.406555,N,103:47:45.014648,E,33.000000, 185619.0,141217,0.000000,0,210129316
1:18:43.412560,N,103:47:45.042114,E,33.000000, 185620.0,141217,0.000000,0,210129316
1:18:43.422432,N,103:47:45.069580,E,33.000000, 185621.0,141217,0.000000,0,210129316
1:18:43.449898,N,103:47:45.097046,E,33.000000, 185622.0,141217,0.000000,0,210129316
1:18:43.433159,N,103:47:45.124512,E,33.000000, 185623.0,141217,0.000000,0,210129316
1:18:43.437881,N,103:47:45.151978,E,32.000000, 185624.0,141217,0.000000,0,210129316
1:18:43.465347,N,103:47:45.179443,E,33.000000, 185625.0,141217,0.000000,0,210129316
1:18:43.473930,N,103:47:45.179443,E,33.000000, 185626.0,141217,0.000000,0,210129316
1:18:43.464058,N,103:47:45.179443,E,33.000000, 185627.0,141217,0.000000,0,210129316
1:18:43.459770,N,103:47:45.179443,E,33.000000, 185628.0,141217,0.000000,0,210129316
1:18:43.460197,N,103:47:45.206909,E,32.000000, 185629.0,141217,0.000000,0,210129316
1:18:43.465347,N,103:47:45.234375,E,32.000000, 185630.0,141217,0.000000,0,210129316
1:18:43.495819,N,103:47:45.316772,E,32.000000, 185631.0,141217,0.000000,6,-10
1:18:43.510406,N,103:47:45.399170,E,32.000000, 185632.0,141217,0.000000,9,-10
1:18:43.497963,N,103:47:45.536499,E,32.000000, 185633.0,141217,0.000000,11,-10
1:18:43.456764,N,103:47:45.646362,E,32.000000, 185634.0,141217,0.000000,11,-10
1:18:43.391960,N,103:47:45.756226,E,32.000000, 185635.0,141217,0.000000,12,-10
1:18:43.204422,N,103:47:45.838623,E,31.000000, 185636.0,141217,0.000000,16,-10
1:18:43.054218,N,103:47:45.921021,E,31.000000, 185637.0,141217,0.000000,16,-10
1:18:42.816040,N,103:47:45.921021,E,31.000000, 185638.0,141217,0.000000,20,-10
1:18:42.551250,N,103:47:45.948486,E,30.000000, 185639.0,141217,0.000000,25,-10
1:18:42.265007,N,103:47:45.866089,E,31.000000, 185640.0,141217,0.000000,28,-10
1:18:41.951721,N,103:47:45.783691,E,31.000000, 185641.0,141217,0.000000,32,-10
1:18:41.628143,N,103:47:45.728760,E,31.000000, 185642.0,141217,0.000000,33,210001146
1:18:41.245338,N,103:47:45.701294,E,29.000000, 185643.0,141217,0.000000,38,210001146
1:18:40.852234,N,103:47:45.646362,E,29.000000, 185644.0,141217,0.000000,40,210001146
1:18:40.459984,N,103:47:45.618896,E,29.000000, 185645.0,141217,0.000000,41,210001146
1:18:40.076324,N,103:47:45.563965,E,29.000000, 185646.0,141217,0.000000,41,210001146
1:18:39.684505,N,103:47:45.509033,E,28.000000, 185647.0,141217,0.000000,42,210001146
1:18:39.290115,N,103:47:45.481567,E,28.000000, 185648.0,141217,0.000000,42,210001146
1:18:38.912460,N,103:47:45.426636,E,28.000000, 185649.0,141217,0.000000,42,210001146
1:18:38.527077,N,103:47:45.344238,E,28.000000, 185650.0,141217,0.000000,42,210001150
1:18:38.143845,N,103:47:45.234375,E,28.000000, 185651.0,141217,0.000000,42,210001150
1:18:37.758034,N,103:47:45.097046,E,28.000000, 185652.0,141217,0.000000,45,210001150
1:18:37.336178,N,103:47:44.932251,E,29.000000, 185653.0,141217,0.000000,47,210001150
1:18:36.915607,N,103:47:44.767456,E,29.000000, 185654.0,141217,0.000000,48,210001150
1:18:36.458988,N,103:47:44.492798,E,29.000000, 185655.0,141217,0.000000,52,210001154
1:18:36.023827,N,103:47:44.245605,E,28.000000, 185656.0,141217,0.000000,54,210001154
1:18:35.575790,N,103:47:43.998413,E,27.000000, 185657.0,141217,0.000000,55,210001154
1:18:35.081833,N,103:47:43.806152,E,28.000000, 185658.0,141217,0.000000,56,210001158
1:18:34.578011,N,103:47:43.558960,E,28.000000, 185659.0,141217,0.000000,59,210001158
1:18:34.083626,N,103:47:43.311768,E,28.000000, 185700.0,141217,0.000000,59,210001158
1:18:33.588810,N,103:47:43.092041,E,28.000000, 185701.0,141217,0.000000,59,210001158
1:18:33.127472,N,103:47:42.817383,E,29.000000, 185702.0,141217,0.000000,59,210001158
1:18:32.644672,N,103:47:42.570190,E,29.000000, 185703.0,141217,0.000000,60,210001158
1:18:32.170456,N,103:47:42.322998,E,29.000000, 185704.0,141217,0.000000,58,210001158
1:18:31.703539,N,103:47:42.103271,E,29.000000, 185705.0,141217,0.000000,58,210001158
1:18:31.260653,N,103:47:41.883545,E,29.000000, 185706.0,141217,0.000000,55,210001158
1:18:30.840082,N,103:47:41.691284,E,29.000000, 185707.0,141217,0.000000,52,210001158
1:18:30.450840,N,103:47:41.444092,E,29.000000, 185708.0,141217,0.000000,51,210001158
1:18:30.078335,N,103:47:41.196899,E,28.000000, 185709.0,141217,0.000000,51,210001158
1:18:29.702396,N,103:47:40.922241,E,28.000000, 185710.0,141217,0.000000,51,210001162
1:18:29.312725,N,103:47:40.647583,E,28.000000, 185711.0,141217,0.000000,51,210001162
1:18:28.923483,N,103:47:40.372925,E,28.000000, 185712.0,141217,0.000000,51,210001162
1:18:28.543253,N,103:47:40.098267,E,28.000000, 185713.0,141217,0.000000,51,210001162
1:18:28.259153,N,103:47:39.741211,E,28.000000, 185714.0,141217,0.000000,51,210001162
1:18:27.814980,N,103:47:39.494019,E,28.000000, 185715.0,141217,0.000000,51,210001162
1:18:27.440329,N,103:47:39.219360,E,28.000000, 185716.0,141217,0.000000,51,210001162
1:18:27.069111,N,103:47:38.972168,E,28.000000, 185717.0,141217,0.000000,50,210001162
1:18:26.648970,N,103:47:38.752441,E,28.000000, 185718.0,141217,0.000000,51,210001162
1:18:26.321526,N,103:47:38.505249,E,28.000000, 185719.0,141217,0.000000,48,210001166
1:18:25.967474,N,103:47:38.230591,E,31.000000, 185720.0,141217,0.000000,50,210001166
1:18:25.610847,N,103:47:38.038330,E,29.000000, 185721.0,141217,0.000000,47,210001166
1:18:25.217743,N,103:47:37.846069,E,28.000000, 185722.0,141217,0.000000,47,210001166
1:18:24.879570,N,103:47:37.626343,E,28.000000, 185723.0,141217,0.000000,45,210001166
1:18:24.565001,N,103:47:37.406616,E,28.000000, 185724.0,141217,0.000000,44,210001166
1:18:24.284763,N,103:47:37.214355,E,28.000000, 185725.0,141217,0.000000,41,210001166
1:18:24.059887,N,103:47:36.967163,E,28.000000, 185726.0,141217,0.000000,38,210132908
1:18:23.869343,N,103:47:36.719971,E,28.000000, 185727.0,141217,0.000000,38,210132908
1:18:23.783941,N,103:47:36.417847,E,23.000000, 185728.0,141217,0.000000,37,210132908
1:18:23.739309,N,103:47:36.170654,E,24.000000, 185729.0,141217,0.000000,35,210132908
1:18:23.763771,N,103:47:35.813599,E,23.000000, 185730.0,141217,0.000000,36,210132908
1:18:23.835869,N,103:47:35.456543,E,23.000000, 185731.0,141217,0.000000,36,210057316
1:18:24.006672,N,103:47:35.181885,E,24.000000, 185732.0,141217,0.000000,38,210057316
1:18:24.254293,N,103:47:34.907227,E,24.000000, 185733.0,141217,0.000000,39,210057316
1:18:24.580879,N,103:47:34.687500,E,23.000000, 185734.0,141217,0.000000,41,210057316
1:18:24.892445,N,103:47:34.385376,E,22.000000, 185735.0,141217,0.000000,44,210057316
1:18:25.180407,N,103:47:34.055786,E,22.000000, 185736.0,141217,0.000000,45,210057316
1:18:25.449915,N,103:47:33.781128,E,22.000000, 185737.0,141217,0.000000,45,210057316
1:18:25.704403,N,103:47:33.533936,E,21.000000, 185738.0,141217,0.000000,42,210057316
1:18:25.856752,N,103:47:33.259277,E,22.000000, 185739.0,141217,0.000000,38,210057316
1:18:26.093216,N,103:47:32.984619,E,23.000000, 185740.0,141217,0.000000,38,210057316
1:18:26.248140,N,103:47:32.737427,E,23.000000, 185741.0,141217,0.000000,35,210057316
1:18:26.394482,N,103:47:32.572632,E,24.000000, 185742.0,141217,0.000000,29,210057316
1:18:26.470442,N,103:47:32.435303,E,24.000000, 185743.0,141217,0.000000,23,210057316
1:18:26.547260,N,103:47:32.325439,E,24.000000, 185744.0,141217,0.000000,19,210057316
1:18:26.593609,N,103:47:32.188110,E,26.000000, 185745.0,141217,0.000000,16,210057316
1:18:26.667423,N,103:47:32.133179,E,26.000000, 185746.0,141217,0.000000,14,210057316
1:18:26.715059,N,103:47:32.023315,E,27.000000, 185747.0,141217,0.000000,15,210057316
1:18:26.769562,N,103:47:31.968384,E,28.000000, 185748.0,141217,0.000000,5,210057316
1:18:26.843376,N,103:47:31.858521,E,28.000000, 185749.0,141217,0.000000,8,-10
1:18:26.887150,N,103:47:31.776123,E,29.000000, 185750.0,141217,0.000000,6,-10
1:18:26.934357,N,103:47:31.721191,E,29.000000, 185751.0,141217,0.000000,7,210057316
1:18:26.950235,N,103:47:31.611328,E,28.000000, 185752.0,141217,0.000000,9,210057316
1:18:27.005167,N,103:47:31.501465,E,28.000000, 185753.0,141217,0.000000,12,210057316
1:18:27.075119,N,103:47:31.364136,E,28.000000, 185754.0,141217,0.000000,15,210057316
1:18:27.152367,N,103:47:31.199341,E,27.000000, 185755.0,141217,0.000000,18,210057316
1:18:27.234764,N,103:47:31.034546,E,27.000000, 185756.0,141217,0.000000,19,210057316
1:18:27.343769,N,103:47:30.787354,E,27.000000, 185757.0,141217,0.000000,22,210057316
1:18:27.457495,N,103:47:30.540161,E,27.000000, 185758.0,141217,0.000000,26,210057316
1:18:27.598257,N,103:47:30.265503,E,28.000000, 185759.0,141217,0.000000,29,210057316
1:18:27.726145,N,103:47:29.990845,E,28.000000, 185800.0,141217,0.000000,30,210057316
1:18:27.842875,N,103:47:29.716187,E,28.000000, 185801.0,141217,0.000000,30,210057320
1:18:27.947159,N,103:47:29.414063,E,27.000000, 185802.0,141217,0.000000,33,210057320
1:18:28.066034,N,103:47:29.084473,E,27.000000, 185803.0,141217,0.000000,37,210057320
1:18:28.204222,N,103:47:28.754883,E,27.000000, 185804.0,141217,0.000000,38,210001548
1:18:28.366871,N,103:47:28.452759,E,26.000000, 185805.0,141217,0.000000,38,210001548
1:18:28.484030,N,103:47:28.123169,E,26.000000, 185806.0,141217,0.000000,38,210001548
1:18:28.609343,N,103:47:27.793579,E,26.000000, 185807.0,141217,0.000000,38,210001548
1:18:28.714485,N,103:47:27.463989,E,25.000000, 185808.0,141217,0.000000,39,210001548
1:18:28.829927,N,103:47:27.134399,E,25.000000, 185809.0,141217,0.000000,39,210001552
1:18:28.934212,N,103:47:26.832275,E,26.000000, 185810.0,141217,0.000000,38,210001552
1:18:29.010172,N,103:47:26.502686,E,26.000000, 185811.0,141217,0.000000,36,210001552
1:18:29.152651,N,103:47:26.200562,E,26.000000, 185812.0,141217,0.000000,37,210001552
1:18:29.191275,N,103:47:25.925903,E,25.000000, 185813.0,141217,0.000000,35,210001552
1:18:29.303284,N,103:47:25.623779,E,24.000000, 185814.0,141217,0.000000,36,210001552
1:18:29.428167,N,103:47:25.349121,E,25.000000, 185815.0,141217,0.000000,35,210001552
1:18:29.570646,N,103:47:25.074463,E,24.000000, 185816.0,141217,0.000000,33,210001552
1:18:29.683943,N,103:47:24.799805,E,24.000000, 185817.0,141217,0.000000,33,210001552
1:18:29.776211,N,103:47:24.525146,E,23.000000, 185818.0,141217,0.000000,33,210001552
1:18:29.840584,N,103:47:24.305420,E,23.000000, 185819.0,141217,0.000000,29,210001552
1:18:29.909678,N,103:47:24.113159,E,22.000000, 185820.0,141217,0.000000,25,210001552
1:18:29.942293,N,103:47:23.920898,E,22.000000, 185821.0,141217,0.000000,22,210001552
1:18:29.960747,N,103:47:23.783569,E,23.000000, 185822.0,141217,0.000000,20,210001552
1:18:29.971905,N,103:47:23.673706,E,23.000000, 185823.0,141217,0.000000,17,210001552
1:18:29.978771,N,103:47:23.618774,E,23.000000, 185824.0,141217,0.000000,3,210001552
1:18:29.962463,N,103:47:23.646240,E,24.000000, 185825.0,141217,0.000000,0,210001552
1:18:29.986925,N,103:47:23.646240,E,25.000000, 185826.0,141217,0.000000,0,210001552
1:18:29.991217,N,103:47:23.646240,E,26.000000, 185827.0,141217,0.000000,0,210001552
1:18:29.999371,N,103:47:23.646240,E,26.000000, 185828.0,141217,0.000000,0,210001552
1:18:29.992504,N,103:47:23.646240,E,26.000000, 185829.0,141217,0.000000,0,210001552
1:18:29.989500,N,103:47:23.646240,E,26.000000, 185830.0,141217,0.000000,0,210001552
1:18:29.991646,N,103:47:23.646240,E,26.000000, 185831.0,141217,0.000000,0,210001552
1:18:29.966326,N,103:47:23.591309,E,24.000000, 185832.0,141217,0.000000,0,210001552
1:18:29.947872,N,103:47:23.563843,E,23.000000, 185833.0,141217,0.000000,0,210001552
1:18:29.932423,N,103:47:23.536377,E,22.000000, 185834.0,141217,0.000000,0,210001552
1:18:29.917831,N,103:47:23.508911,E,21.000000, 185835.0,141217,0.000000,0,210001552
1:18:29.917831,N,103:47:23.453979,E,20.000000, 185836.0,141217,0.000000,0,210001552
1:18:29.914827,N,103:47:23.371582,E,20.000000, 185837.0,141217,0.000000,3,210001552
1:18:29.925556,N,103:47:23.234253,E,21.000000, 185838.0,141217,0.000000,5,210001552
1:18:29.925556,N,103:47:23.206787,E,21.000000, 185839.0,141217,0.000000,0,210001552
1:18:29.880924,N,103:47:23.206787,E,19.000000, 185840.0,141217,0.000000,0,210001552
1:18:29.877920,N,103:47:23.179321,E,18.000000, 185841.0,141217,0.000000,0,210001552
1:18:29.880924,N,103:47:23.179321,E,18.000000, 185842.0,141217,0.000000,0,210001552
1:18:29.871912,N,103:47:23.179321,E,19.000000, 185843.0,141217,0.000000,0,210001552
1:18:29.875345,N,103:47:23.151855,E,19.000000, 185844.0,141217,0.000000,0,210001552
1:18:29.881783,N,103:47:23.124390,E,19.000000, 185845.0,141217,0.000000,0,210001552
1:18:29.874916,N,103:47:23.124390,E,18.000000, 185846.0,141217,0.000000,0,210001552
1:18:29.858608,N,103:47:23.096924,E,18.000000, 185847.0,141217,0.000000,0,210001552
1:18:29.850454,N,103:47:23.096924,E,18.000000, 185848.0,141217,0.000000,0,210001552
1:18:29.837151,N,103:47:23.124390,E,18.000000, 185849.0,141217,0.000000,0,210001552
1:18:29.819555,N,103:47:23.124390,E,18.000000, 185850.0,141217,0.000000,0,210001552
1:18:29.796810,N,103:47:23.151855,E,18.000000, 185851.0,141217,0.000000,0,210001552
1:18:29.780502,N,103:47:23.151855,E,17.000000, 185852.0,141217,0.000000,0,210001552
1:18:29.768057,N,103:47:23.151855,E,17.000000, 185853.0,141217,0.000000,0,210001552
1:18:29.759903,N,103:47:23.151855,E,17.000000, 185854.0,141217,0.000000,0,210001552
1:18:29.755611,N,103:47:23.151855,E,17.000000, 185855.0,141217,0.000000,0,210001552
1:18:29.753466,N,103:47:23.179321,E,17.000000, 185856.0,141217,0.000000,0,210001552
1:18:29.752178,N,103:47:23.179321,E,17.000000, 185857.0,141217,0.000000,0,210001552
1:18:29.751749,N,103:47:23.179321,E,17.000000, 185858.0,141217,0.000000,0,210001552
1:18:29.751320,N,103:47:23.179321,E,17.000000, 185859.0,141217,0.000000,0,210001552
1:18:29.750891,N,103:47:23.179321,E,17.000000, 185900.0,141217,0.000000,0,210001552
1:18:29.750462,N,103:47:23.179321,E,17.000000, 185901.0,141217,0.000000,0,210001552
1:18:29.750462,N,103:47:23.179321,E,17.000000, 185902.0,141217,0.000000,0,210001552
1:18:29.755611,N,103:47:23.151855,E,21.000000, 185903.0,141217,0.000000,0,210001552
1:18:29.762049,N,103:47:23.096924,E,20.000000, 185904.0,141217,0.000000,0,210001552
1:18:29.778357,N,103:47:23.014526,E,19.000000, 185905.0,141217,0.000000,6,-10
1:18:29.795523,N,103:47:22.877197,E,17.000000, 185906.0,141217,0.000000,12,210001552
1:18:29.816122,N,103:47:22.739868,E,20.000000, 185907.0,141217,0.000000,13,210001552
1:18:29.863329,N,103:47:22.575073,E,19.000000, 185908.0,141217,0.000000,15,210001552
1:18:29.944868,N,103:47:22.437744,E,19.000000, 185909.0,141217,0.000000,16,210001552
1:18:30.189486,N,103:47:22.382813,E,17.000000, 185910.0,141217,0.000000,19,210038787
1:18:30.392475,N,103:47:22.327881,E,17.000000, 185911.0,141217,0.000000,22,210038787
1:18:30.632372,N,103:47:22.327881,E,18.000000, 185912.0,141217,0.000000,23,210038783
1:18:30.919046,N,103:47:22.355347,E,17.000000, 185913.0,141217,0.000000,26,210038783
1:18:31.178255,N,103:47:22.355347,E,18.000000, 185914.0,141217,0.000000,29,210038783
1:18:31.509132,N,103:47:22.355347,E,17.000000, 185915.0,141217,0.000000,32,210038783
1:18:31.845160,N,103:47:22.410278,E,16.000000, 185916.0,141217,0.000000,33,210038783
1:18:32.193634,N,103:47:22.465210,E,17.000000, 185917.0,141217,0.000000,36,210038783
1:18:32.531807,N,103:47:22.520142,E,17.000000, 185918.0,141217,0.000000,37,210038783
1:18:32.830067,N,103:47:22.520142,E,18.000000, 185919.0,141217,0.000000,35,210038783
1:18:33.185837,N,103:47:22.520142,E,19.000000, 185920.0,141217,0.000000,34,210038783
1:18:33.485382,N,103:47:22.437744,E,17.000000, 185921.0,141217,0.000000,35,210038783
1:18:33.809822,N,103:47:22.382813,E,17.000000, 185922.0,141217,0.000000,33,210038783
1:18:34.151001,N,103:47:22.355347,E,17.000000, 185923.0,141217,0.000000,33,210038783
1:18:34.433384,N,103:47:22.300415,E,17.000000, 185924.0,141217,0.000000,33,210038783
1:18:34.707611,N,103:47:22.218018,E,17.000000, 185925.0,141217,0.000000,31,210038779
1:18:34.954803,N,103:47:22.163086,E,18.000000, 185926.0,141217,0.000000,28,210038779
1:18:35.205429,N,103:47:22.163086,E,18.000000, 185927.0,141217,0.000000,26,210038779
1:18:35.384819,N,103:47:22.135620,E,18.000000, 185928.0,141217,0.000000,22,210038779
1:18:35.491676,N,103:47:22.108154,E,18.000000, 185929.0,141217,0.000000,16,210038779
1:18:35.589096,N,103:47:22.080688,E,19.000000, 185930.0,141217,0.000000,13,210038779
1:18:35.641022,N,103:47:22.053223,E,19.000000, 185931.0,141217,0.000000,11,210038779
1:18:35.695526,N,103:47:22.053223,E,19.000000, 185932.0,141217,0.000000,3,210038779
1:18:35.744877,N,103:47:22.025757,E,19.000000, 185933.0,141217,0.000000,3,210038779
1:18:35.793800,N,103:47:21.998291,E,19.000000, 185934.0,141217,0.000000,0,-10
1:18:35.845299,N,103:47:21.998291,E,19.000000, 185935.0,141217,0.000000,3,210038779
1:18:35.886070,N,103:47:21.970825,E,20.000000, 185936.0,141217,0.000000,3,210038779
1:18:35.929413,N,103:47:21.943359,E,20.000000, 185937.0,141217,0.000000,0,210038779
1:18:35.980484,N,103:47:21.943359,E,20.000000, 185938.0,141217,0.000000,3,210038779
1:18:36.070175,N,103:47:21.915894,E,20.000000, 185939.0,141217,0.000000,8,-10
1:18:36.178749,N,103:47:21.888428,E,21.000000, 185940.0,141217,0.000000,9,-10
1:18:36.336678,N,103:47:21.833496,E,20.000000, 185941.0,141217,0.000000,13,210038779
1:18:36.540955,N,103:47:21.806030,E,20.000000, 185942.0,141217,0.000000,18,210038775
1:18:36.753387,N,103:47:21.778564,E,20.000000, 185943.0,141217,0.000000,20,210038775
1:18:36.979980,N,103:47:21.696167,E,20.000000, 185944.0,141217,0.000000,22,210038775
1:18:37.229317,N,103:47:21.641235,E,20.000000, 185945.0,141217,0.000000,25,210038775
1:18:37.745590,N,103:47:21.558838,E,20.000000, 185947.0,141217,0.000000,28,210038775
1:18:38.036125,N,103:47:21.476440,E,20.000000, 185948.0,141217,0.000000,31,210038771
1:18:38.349411,N,103:47:21.394043,E,19.000000, 185949.0,141217,0.000000,32,210038771
1:18:38.691017,N,103:47:21.311646,E,19.000000, 185950.0,141217,0.000000,36,210038767
1:18:39.033909,N,103:47:21.229248,E,19.000000, 185951.0,141217,0.000000,37,210038767
1:18:39.391396,N,103:47:21.174316,E,19.000000, 185952.0,141217,0.000000,37,210038767
1:18:39.759605,N,103:47:21.064453,E,19.000000, 185953.0,141217,0.000000,40,210038767
1:18:40.117092,N,103:47:20.982056,E,19.000000, 185954.0,141217,0.000000,39,210038767
1:18:40.460415,N,103:47:20.872192,E,19.000000, 185955.0,141217,0.000000,39,210038767
1:18:40.827339,N,103:47:20.789795,E,18.000000, 185956.0,141217,0.000000,41,210038767
1:18:41.196842,N,103:47:20.707397,E,18.000000, 185957.0,141217,0.000000,42,210038767
1:18:41.562050,N,103:47:20.625000,E,18.000000, 185958.0,141217,0.000000,41,210162359
1:18:41.892502,N,103:47:20.487671,E,17.000000, 185959.0,141217,0.000000,40,210162359
1:18:42.207928,N,103:47:20.350342,E,17.000000, 190000.0,141217,0.000000,40,210162359
1:18:42.483871,N,103:47:20.158081,E,18.000000, 190001.0,141217,0.000000,37,210162359
1:18:42.751236,N,103:47:19.965820,E,18.000000, 190002.0,141217,0.000000,37,210162359
1:18:43.049068,N,103:47:19.361572,E,18.000000, 190004.0,141217,0.000000,36,210162359
1:18:43.150349,N,103:47:19.004517,E,17.000000, 190005.0,141217,0.000000,37,210162359
1:18:43.203564,N,103:47:18.674927,E,17.000000, 190006.0,141217,0.000000,39,210038763
1:18:43.134041,N,103:47:18.372803,E,17.000000, 190007.0,141217,0.000000,36,210038763
1:18:43.086834,N,103:47:18.070679,E,17.000000, 190008.0,141217,0.000000,36,210038763
1:18:42.998856,N,103:47:17.741089,E,16.000000, 190009.0,141217,0.000000,36,210038763
1:18:42.863674,N,103:47:17.493896,E,15.000000, 190010.0,141217,0.000000,33,210038763
1:18:42.796726,N,103:47:17.246704,E,14.000000, 190011.0,141217,0.000000,31,210038763
1:18:42.675278,N,103:47:17.136841,E,14.000000, 190012.0,141217,0.000000,25,210038763
1:18:42.633648,N,103:47:16.972046,E,14.000000, 190013.0,141217,0.000000,23,210038763
1:18:42.458122,N,103:47:16.834717,E,12.000000, 190015.0,141217,0.000000,17,210038763
1:18:42.445251,N,103:47:16.697388,E,12.000000, 190016.0,141217,0.000000,17,210038763
1:18:42.431087,N,103:47:16.477661,E,13.000000, 190017.0,141217,0.000000,17,210038763
1:18:42.418640,N,103:47:16.367798,E,15.000000, 190018.0,141217,0.000000,16,210038763
1:18:42.365856,N,103:47:16.285400,E,14.000000, 190019.0,141217,0.000000,11,210038759
1:18:42.340538,N,103:47:16.203003,E,15.000000, 190020.0,141217,0.000000,10,210038759
1:18:42.300194,N,103:47:16.175537,E,14.000000, 190021.0,141217,0.000000,9,210038759
1:18:42.323799,N,103:47:16.120605,E,15.000000, 190022.0,141217,0.000000,0,210038759
1:18:42.335815,N,103:47:16.065674,E,14.000000, 190023.0,141217,0.000000,0,-10
1:18:42.374439,N,103:47:16.010742,E,14.000000, 190025.0,141217,0.000000,0,210038759
1:18:42.331524,N,103:47:16.010742,E,14.000000, 190026.0,141217,0.000000,0,210038759
1:18:42.326374,N,103:47:16.038208,E,14.000000, 190027.0,141217,0.000000,0,210038759
1:18:42.320366,N,103:47:16.065674,E,14.000000, 190028.0,141217,0.000000,0,210038759
1:18:42.331955,N,103:47:16.065674,E,15.000000, 190029.0,141217,0.000000,0,210038759
1:18:42.345257,N,103:47:16.065674,E,15.000000, 190030.0,141217,0.000000,0,210038759
1:18:42.339676,N,103:47:16.065674,E,15.000000, 190031.0,141217,0.000000,0,210038759
1:18:42.353409,N,103:47:16.065674,E,16.000000, 190032.0,141217,0.000000,0,210038759
1:18:42.355125,N,103:47:16.038208,E,16.000000, 190033.0,141217,0.000000,0,210038759
1:18:42.326805,N,103:47:15.955811,E,17.000000, 190034.0,141217,0.000000,4,-10
1:18:42.274445,N,103:47:15.736084,E,16.000000, 190035.0,141217,0.000000,15,-10
1:18:42.224663,N,103:47:15.543823,E,16.000000, 190036.0,141217,0.000000,17,210038759
1:18:42.137547,N,103:47:15.241699,E,16.000000, 190037.0,141217,0.000000,26,210038759
1:18:42.056435,N,103:47:14.912109,E,16.000000, 190038.0,141217,0.000000,30,210038759
1:18:41.986053,N,103:47:14.582520,E,16.000000, 190039.0,141217,0.000000,32,210161903
1:18:41.897221,N,103:47:14.170532,E,15.000000, 190040.0,141217,0.000000,38,210161903
1:18:41.813965,N,103:47:13.758545,E,16.000000, 190041.0,141217,0.000000,40,210161903
1:18:41.696377,N,103:47:13.346558,E,16.000000, 190042.0,141217,0.000000,41,210161903
1:18:41.679211,N,103:47:12.962036,E,19.000000, 190043.0,141217,0.000000,42,210161903
1:18:41.714828,N,103:47:12.577515,E,19.000000, 190044.0,141217,0.000000,41,210162371
1:18:41.674919,N,103:47:12.247925,E,18.000000, 190045.0,141217,0.000000,38,210162371
1:18:41.715260,N,103:47:11.945801,E,18.000000, 190046.0,141217,0.000000,37,210162371
1:18:41.784782,N,103:47:11.671143,E,19.000000, 190047.0,141217,0.000000,36,210162371
1:18:41.890785,N,103:47:11.369019,E,18.000000, 190048.0,141217,0.000000,35,210162371
1:18:42.108364,N,103:47:11.094360,E,19.000000, 190049.0,141217,0.000000,36,210162371
1:18:42.313072,N,103:47:10.819702,E,19.000000, 190050.0,141217,0.000000,38,210162371
1:18:42.546101,N,103:47:10.627441,E,19.000000, 190051.0,141217,0.000000,35,210162371
1:18:42.890709,N,103:47:10.490112,E,18.000000, 190052.0,141217,0.000000,36,210162371
1:18:43.205280,N,103:47:10.325317,E,18.000000, 190053.0,141217,0.000000,39,210162371
1:18:43.573494,N,103:47:10.133057,E,19.000000, 190054.0,141217,0.000000,42,210162371
1:18:43.928406,N,103:47:9.940796,E,19.000000, 190055.0,141217,0.000000,41,210162371
1:18:44.302197,N,103:47:9.693604,E,21.000000, 190056.0,141217,0.000000,45,210162371
1:18:44.694016,N,103:47:9.583740,E,20.000000, 190057.0,141217,0.000000,43,210162371
1:18:45.039909,N,103:47:9.391479,E,20.000000, 190058.0,141217,0.000000,43,210162371
1:18:45.399113,N,103:47:9.226685,E,20.000000, 190059.0,141217,0.000000,43,210162371
1:18:45.736427,N,103:47:9.061890,E,20.000000, 190100.0,141217,0.000000,41,210162371
1:18:46.077175,N,103:47:8.897095,E,21.000000, 190101.0,141217,0.000000,41,210038755
1:18:46.371574,N,103:47:8.732300,E,21.000000, 190102.0,141217,0.000000,40,210038755
1:18:46.736786,N,103:47:8.594971,E,20.000000, 190103.0,141217,0.000000,40,210038755
1:18:47.047493,N,103:47:8.457642,E,21.000000, 190104.0,141217,0.000000,37,210038755
1:18:47.358200,N,103:47:8.292847,E,21.000000, 190105.0,141217,0.000000,38,210038755
1:18:47.665901,N,103:47:8.155518,E,20.000000, 190106.0,141217,0.000000,37,210038755
1:18:47.937553,N,103:47:8.018188,E,20.000000, 190107.0,141217,0.000000,35,210038755
1:18:48.164146,N,103:47:7.908325,E,18.000000, 190108.0,141217,0.000000,31,210038755
1:18:48.413918,N,103:47:7.770996,E,19.000000, 190109.0,141217,0.000000,31,210038755
1:18:48.632355,N,103:47:7.688599,E,18.000000, 190110.0,141217,0.000000,30,210038755
1:18:48.815174,N,103:47:7.578735,E,18.000000, 190111.0,141217,0.000000,27,210038755
1:18:48.979538,N,103:47:7.468872,E,18.000000, 190112.0,141217,0.000000,22,210038755
1:18:49.097130,N,103:47:7.359009,E,19.000000, 190113.0,141217,0.000000,20,210038755
1:18:49.155495,N,103:47:7.194214,E,18.000000, 190114.0,141217,0.000000,20,210038755
1:18:49.055500,N,103:47:7.084351,E,16.000000, 190115.0,141217,0.000000,17,210038827
1:18:49.010437,N,103:47:6.974487,E,16.000000, 190116.0,141217,0.000000,16,210038827
1:18:48.911736,N,103:47:6.864624,E,16.000000, 190117.0,141217,0.000000,16,210038827
1:18:48.801441,N,103:47:6.727295,E,16.000000, 190118.0,141217,0.000000,18,210038827
1:18:48.661537,N,103:47:6.589966,E,17.000000, 190119.0,141217,0.000000,22,210038827
1:18:48.467560,N,103:47:6.452637,E,17.000000, 190120.0,141217,0.000000,23,210038827
1:18:48.284309,N,103:47:6.287842,E,17.000000, 190121.0,141217,0.000000,24,210038827
1:18:48.056431,N,103:47:6.095581,E,18.000000, 190122.0,141217,0.000000,29,210038827
1:18:47.818680,N,103:47:5.903320,E,18.000000, 190123.0,141217,0.000000,30,210038827
1:18:47.579212,N,103:47:5.683594,E,17.000000, 190124.0,141217,0.000000,31,210038827
1:18:47.363777,N,103:47:5.518799,E,16.000000, 190125.0,141217,0.000000,31,210038823
1:18:47.137611,N,103:47:5.326538,E,16.000000, 190126.0,141217,0.000000,31,210038823
1:18:46.880119,N,103:47:5.134277,E,17.000000, 190127.0,141217,0.000000,34,210038823
1:18:46.626923,N,103:47:4.887085,E,17.000000, 190128.0,141217,0.000000,37,210038823
1:18:46.372002,N,103:47:4.694824,E,16.000000, 190129.0,141217,0.000000,37,210038823
1:18:46.157425,N,103:47:4.420166,E,14.000000, 190130.0,141217,0.000000,35,210038823
1:18:45.913666,N,103:47:4.227905,E,14.000000, 190131.0,141217,0.000000,35,210038823
1:18:45.721836,N,103:47:4.090576,E,14.000000, 190132.0,141217,0.000000,30,210038823
1:18:45.548027,N,103:47:3.870850,E,14.000000, 190133.0,141217,0.000000,30,210038823
1:18:45.351048,N,103:47:3.706055,E,14.000000, 190134.0,141217,0.000000,30,210038823
1:18:45.160072,N,103:47:3.541260,E,14.000000, 190135.0,141217,0.000000,29,210038819
1:18:44.939919,N,103:47:3.376465,E,15.000000, 190136.0,141217,0.000000,30,210038819
1:18:44.742508,N,103:47:3.184204,E,14.000000, 190137.0,141217,0.000000,31,210038819
1:18:44.530937,N,103:47:2.991943,E,14.000000, 190138.0,141217,0.000000,31,210038819
1:18:44.291897,N,103:47:2.909546,E,13.000000, 190139.0,141217,0.000000,29,210038819
1:18:44.129677,N,103:47:2.744751,E,13.000000, 190140.0,141217,0.000000,25,210038819
1:18:43.949005,N,103:47:2.689819,E,13.000000, 190141.0,141217,0.000000,22,210038819
1:18:43.809528,N,103:47:2.634888,E,14.000000, 190142.0,141217,0.000000,18,210038819
1:18:43.702240,N,103:47:2.662354,E,14.000000, 190143.0,141217,0.000000,15,210038806
1:18:43.596237,N,103:47:2.689819,E,14.000000, 190144.0,141217,0.000000,14,210038806
1:18:43.521137,N,103:47:2.772217,E,12.000000, 190145.0,141217,0.000000,15,210038806
1:18:43.401833,N,103:47:2.964478,E,11.000000, 190147.0,141217,0.000000,14,210038810
1:18:43.343468,N,103:47:3.074341,E,12.000000, 190148.0,141217,0.000000,16,210038810
1:18:43.279953,N,103:47:3.239136,E,12.000000, 190149.0,141217,0.000000,16,210038810
1:18:43.257637,N,103:47:3.486328,E,10.000000, 190150.0,141217,0.000000,22,210038810
1:18:43.129749,N,103:47:3.651123,E,9.000000, 190151.0,141217,0.000000,22,210038810
1:18:43.020744,N,103:47:3.870850,E,9.000000, 190152.0,141217,0.000000,23,210038810
1:18:42.928474,N,103:47:4.035645,E,9.000000, 190153.0,141217,0.000000,22,210038810
1:18:42.847794,N,103:47:4.200439,E,9.000000, 190154.0,141217,0.000000,21,210038810
1:18:42.813034,N,103:47:4.392700,E,10.000000, 190155.0,141217,0.000000,21,210038810
1:18:42.721195,N,103:47:4.584961,E,10.000000, 190156.0,141217,0.000000,22,210038810
1:18:42.646950,N,103:47:4.777222,E,11.000000, 190157.0,141217,0.000000,22,210038810
1:18:42.553398,N,103:47:4.914551,E,11.000000, 190158.0,141217,0.000000,19,210038810
1:18:42.461128,N,103:47:5.079346,E,12.000000, 190159.0,141217,0.000000,19,210038810
1:18:42.390320,N,103:47:5.216675,E,10.000000, 190200.0,141217,0.000000,18,210038810
1:18:42.284317,N,103:47:5.299072,E,11.000000, 190201.0,141217,0.000000,18,210038814
1:18:42.173595,N,103:47:5.491333,E,12.000000, 190202.0,141217,0.000000,19,210038814
1:18:42.083046,N,103:47:5.601196,E,12.000000, 190203.0,141217,0.000000,18,210038814
1:18:42.010086,N,103:47:5.738525,E,12.000000, 190204.0,141217,0.000000,18,210038814
1:18:41.929405,N,103:47:5.875854,E,12.000000, 190205.0,141217,0.000000,18,210038814
1:18:41.860741,N,103:47:6.040649,E,12.000000, 190206.0,141217,0.000000,18,210038814
1:18:41.797226,N,103:47:6.177979,E,11.000000, 190207.0,141217,0.000000,18,210038814
1:18:41.710968,N,103:47:6.287842,E,13.000000, 190208.0,141217,0.000000,16,210038814
1:18:41.670197,N,103:47:6.397705,E,14.000000, 190209.0,141217,0.000000,13,210038814
1:18:41.636726,N,103:47:6.425171,E,14.000000, 190210.0,141217,0.000000,3,210038814
1:18:41.568489,N,103:47:6.480103,E,13.000000, 190211.0,141217,0.000000,5,-10
1:18:41.513130,N,103:47:6.480103,E,13.000000, 190212.0,141217,0.000000,0,210038814
1:18:41.484375,N,103:47:6.480103,E,13.000000, 190213.0,141217,0.000000,0,210038814
1:18:41.478367,N,103:47:6.480103,E,12.000000, 190214.0,141217,0.000000,0,210038814
1:18:41.477081,N,103:47:6.480103,E,12.000000, 190215.0,141217,0.000000,0,210038814
1:18:41.494675,N,103:47:6.452637,E,12.000000, 190216.0,141217,0.000000,0,210038814
1:18:41.520851,N,103:47:6.425171,E,11.000000, 190217.0,141217,0.000000,0,210038814
1:18:41.545315,N,103:47:6.397705,E,9.000000, 190218.0,141217,0.000000,0,210038814
1:18:41.567200,N,103:47:6.425171,E,9.000000, 190219.0,141217,0.000000,0,210038814
1:18:41.576214,N,103:47:6.425171,E,9.000000, 190220.0,141217,0.000000,0,210038814
1:18:41.585655,N,103:47:6.425171,E,9.000000, 190221.0,141217,0.000000,0,210038814
1:18:41.588230,N,103:47:6.425171,E,10.000000, 190222.0,141217,0.000000,0,210038814
1:18:41.586945,N,103:47:6.397705,E,10.000000, 190223.0,141217,0.000000,0,210038814
1:18:41.587799,N,103:47:6.397705,E,10.000000, 190224.0,141217,0.000000,0,210038814
1:18:41.590805,N,103:47:6.397705,E,10.000000, 190225.0,141217,0.000000,0,210038814
1:18:41.596813,N,103:47:6.397705,E,10.000000, 190226.0,141217,0.000000,0,210038814
1:18:41.601963,N,103:47:6.397705,E,10.000000, 190227.0,141217,0.000000,0,210038814
1:18:41.607544,N,103:47:6.397705,E,11.000000, 190228.0,141217,0.000000,0,210038814
1:18:41.610115,N,103:47:6.397705,E,11.000000, 190229.0,141217,0.000000,0,210038814
1:18:41.629860,N,103:47:6.370239,E,12.000000, 190230.0,141217,0.000000,3,210038814
